rank,purchaser_name_raw,total_amount_inr,total_amount_cr,bond_count,pct_of_corporate_value,cumulative_pct_of_corporate,classification_rule_hit,source_file,source_sha256
1,FUTURE GAMING AND HOTEL SERVICES PR,12080000000,1208.0000,1208,10.5443,10.5443,word:SERVICES,data/parsed_sbi_purchase.csv,fe5f2ba9d1209486901598f7c84a668ce059ae98a8d80cd3966744053de28302
2,MEGHA ENGINEERING AND INFRASTRUCTURES LI MITED,8210000000,821.0000,821,7.1663,17.7106,substring:LIMITED,data/parsed_sbi_purchase.csv,fe5f2ba9d1209486901598f7c84a668ce059ae98a8d80cd3966744053de28302
3,QWIKSUPPLYCHAINPRIVATELIMITED,4100000000,410.0000,410,3.5788,21.2894,substring:LIMITED,data/parsed_sbi_purchase.csv,fe5f2ba9d1209486901598f7c84a668ce059ae98a8d80cd3966744053de28302
4,HALDIA ENERGY LIMITED,3770000000,377.0000,395,3.2907,24.5801,substring:LIMITED,data/parsed_sbi_purchase.csv,fe5f2ba9d1209486901598f7c84a668ce059ae98a8d80cd3966744053de28302
5,VEDANTA LIMITED,3756500000,375.6500,386,3.2789,27.8591,substring:LIMITED,data/parsed_sbi_purchase.csv,fe5f2ba9d1209486901598f7c84a668ce059ae98a8d80cd3966744053de28302
6,ESSEL MINING AND INDS LTD,2245000000,224.5000,238,1.9596,29.8187,substring:LTD,data/parsed_sbi_purchase.csv,fe5f2ba9d1209486901598f7c84a668ce059ae98a8d80cd3966744053de28302
7,WESTERN UP POWER TRANSMISSION COMPANY LI MITED,2200000000,220.0000,220,1.9203,31.7390,substring:LIMITED,data/parsed_sbi_purchase.csv,fe5f2ba9d1209486901598f7c84a668ce059ae98a8d80cd3966744053de28302
8,KEVENTER FOODPARK INFRA LIMITED,1950000000,195.0000,204,1.7021,33.4411,substring:LIMITED,data/parsed_sbi_purchase.csv,fe5f2ba9d1209486901598f7c84a668ce059ae98a8d80cd3966744053de28302
9,MADANLAL LTD.,1855000000,185.5000,199,1.6192,35.0603,substring:LTD,data/parsed_sbi_purchase.csv,fe5f2ba9d1209486901598f7c84a668ce059ae98a8d80cd3966744053de28302
10,BHARTI AIRTEL LIMITED,1830000000,183.0000,183,1.5974,36.6576,substring:LIMITED,data/parsed_sbi_purchase.csv,fe5f2ba9d1209486901598f7c84a668ce059ae98a8d80cd3966744053de28302
11,YASHODA SUPER SPECIALITY HOSPITAL,1620000000,162.0000,162,1.4141,38.0717,word:HOSPITAL,data/parsed_sbi_purchase.csv,fe5f2ba9d1209486901598f7c84a668ce059ae98a8d80cd3966744053de28302
12,UTKAL ALUMINA INTERNATIONAL LIMITED,1353000000,135.3000,138,1.1810,39.2527,substring:LIMITED,data/parsed_sbi_purchase.csv,fe5f2ba9d1209486901598f7c84a668ce059ae98a8d80cd3966744053de28302
13,DLF COMMERCIAL DEVELOPERS LIMITED,1300000000,130.0000,130,1.1347,40.3874,substring:LIMITED,data/parsed_sbi_purchase.csv,fe5f2ba9d1209486901598f7c84a668ce059ae98a8d80cd3966744053de28302
14,MKJ ENTERPRISES LIMITED,1283500000,128.3500,235,1.1203,41.5077,substring:LIMITED,data/parsed_sbi_purchase.csv,fe5f2ba9d1209486901598f7c84a668ce059ae98a8d80cd3966744053de28302
15,JINDAL STEEL AND POWER LIMITED,1230000000,123.0000,123,1.0736,42.5814,substring:LIMITED,data/parsed_sbi_purchase.csv,fe5f2ba9d1209486901598f7c84a668ce059ae98a8d80cd3966744053de28302
16,B G SHIRKE CONSTRUCTION TECHNOLOGY PVT L TD,1170000000,117.0000,117,1.0213,43.6026,substring:PVT,data/parsed_sbi_purchase.csv,fe5f2ba9d1209486901598f7c84a668ce059ae98a8d80cd3966744053de28302
17,DHARIWAL INFRASTRUCTURE LIMITED,1150000000,115.0000,115,1.0038,44.6064,substring:LIMITED,data/parsed_sbi_purchase.csv,fe5f2ba9d1209486901598f7c84a668ce059ae98a8d80cd3966744053de28302
18,CHENNAI GREEN WOODS PRIVATE LIMITED,1050000000,105.0000,105,0.9165,45.5229,substring:LIMITED,data/parsed_sbi_purchase.csv,fe5f2ba9d1209486901598f7c84a668ce059ae98a8d80cd3966744053de28302
19,BIRLACARBONINDIAPRIVATELIMITED,1050000000,105.0000,105,0.9165,46.4395,substring:LIMITED,data/parsed_sbi_purchase.csv,fe5f2ba9d1209486901598f7c84a668ce059ae98a8d80cd3966744053de28302
20,RUNGTA SONS P LTD,1000000000,100.0000,100,0.8729,47.3123,substring:LTD,data/parsed_sbi_purchase.csv,fe5f2ba9d1209486901598f7c84a668ce059ae98a8d80cd3966744053de28302
21,FUTURE GAMING AND HOTEL SERVICES PRIVATE LIMITED,950000000,95.0000,95,0.8292,48.1416,substring:LIMITED,data/parsed_sbi_purchase.csv,fe5f2ba9d1209486901598f7c84a668ce059ae98a8d80cd3966744053de28302
22,IFB AGRO INDUSTRIES LIMITED,923000000,92.3000,95,0.8057,48.9472,substring:LIMITED,data/parsed_sbi_purchase.csv,fe5f2ba9d1209486901598f7c84a668ce059ae98a8d80cd3966744053de28302
23,TORRENT  POWER  LIMITED,865000000,86.5000,100,0.7550,49.7023,substring:LIMITED,data/parsed_sbi_purchase.csv,fe5f2ba9d1209486901598f7c84a668ce059ae98a8d80cd3966744053de28302
24,AVEES TRADING FINANCE PVT LTD,855000000,85.5000,90,0.7463,50.4486,substring:PVT,data/parsed_sbi_purchase.csv,fe5f2ba9d1209486901598f7c84a668ce059ae98a8d80cd3966744053de28302
25,DR.REDDY'S LABORATORIES LTD,800000000,80.0000,80,0.6983,51.1469,substring:LTD,data/parsed_sbi_purchase.csv,fe5f2ba9d1209486901598f7c84a668ce059ae98a8d80cd3966744053de28302
26,PRARAMBH SECURITIES PVT LTDPROPRIET,780000000,78.0000,78,0.6808,51.8277,substring:PVT,data/parsed_sbi_purchase.csv,fe5f2ba9d1209486901598f7c84a668ce059ae98a8d80cd3966744053de28302
27,MEGHA ENGINEERING & INFRASTRUCTURES LIMITED,750000000,75.0000,75,0.6547,52.4824,substring:LIMITED,data/parsed_sbi_purchase.csv,fe5f2ba9d1209486901598f7c84a668ce059ae98a8d80cd3966744053de28302
28,MEGHA ENGINEERING AND INFRASTRUCTURES LTD,700000000,70.0000,70,0.6110,53.0934,substring:LTD,data/parsed_sbi_purchase.csv,fe5f2ba9d1209486901598f7c84a668ce059ae98a8d80cd3966744053de28302
29,FUTURE GAMING AND HOTEL SERVICES PVT LTD,650000000,65.0000,65,0.5674,53.6607,substring:PVT,data/parsed_sbi_purchase.csv,fe5f2ba9d1209486901598f7c84a668ce059ae98a8d80cd3966744053de28302
30,MKJ ENTERPRISES LTD,640700000,64.0700,89,0.5592,54.2200,substring:LTD,data/parsed_sbi_purchase.csv,fe5f2ba9d1209486901598f7c84a668ce059ae98a8d80cd3966744053de28302
31,RASHMI CEMENT LTD,635000000,63.5000,68,0.5543,54.7743,substring:LTD,data/parsed_sbi_purchase.csv,fe5f2ba9d1209486901598f7c84a668ce059ae98a8d80cd3966744053de28302
32,SRI SIDDHARTH INFRATECH AND SERVICES I P,601000000,60.1000,61,0.5246,55.2989,word:INFRATECH,data/parsed_sbi_purchase.csv,fe5f2ba9d1209486901598f7c84a668ce059ae98a8d80cd3966744053de28302
33,NCC LIMITED,600000000,60.0000,60,0.5237,55.8226,substring:LIMITED,data/parsed_sbi_purchase.csv,fe5f2ba9d1209486901598f7c84a668ce059ae98a8d80cd3966744053de28302
34,INFINA FINANCE PRIVATE LIMITED,600000000,60.0000,60,0.5237,56.3463,substring:LIMITED,data/parsed_sbi_purchase.csv,fe5f2ba9d1209486901598f7c84a668ce059ae98a8d80cd3966744053de28302
35,NATCO PHARMA LTD,572500000,57.2500,64,0.4997,56.8460,substring:LTD,data/parsed_sbi_purchase.csv,fe5f2ba9d1209486901598f7c84a668ce059ae98a8d80cd3966744053de28302
36,DIVI S LABORATORIES LIMITED,550000000,55.0000,55,0.4801,57.3261,substring:LIMITED,data/parsed_sbi_purchase.csv,fe5f2ba9d1209486901598f7c84a668ce059ae98a8d80cd3966744053de28302
37,THE RAMCO CEMENTS LIMITED,540000000,54.0000,54,0.4714,57.7975,substring:LIMITED,data/parsed_sbi_purchase.csv,fe5f2ba9d1209486901598f7c84a668ce059ae98a8d80cd3966744053de28302
38,UNITED PHOSPHORUS INDIA LLP,500000000,50.0000,50,0.4364,58.2339,substring:LLP,data/parsed_sbi_purchase.csv,fe5f2ba9d1209486901598f7c84a668ce059ae98a8d80cd3966744053de28302
39,AUROBINDO PHARMA LIMITED,490000000,49.0000,58,0.4277,58.6616,substring:LIMITED,data/parsed_sbi_purchase.csv,fe5f2ba9d1209486901598f7c84a668ce059ae98a8d80cd3966744053de28302
40,NAVAYUGA  ENGINEERING COMPANY LIMITED,450000000,45.0000,45,0.3928,59.0544,substring:LIMITED,data/parsed_sbi_purchase.csv,fe5f2ba9d1209486901598f7c84a668ce059ae98a8d80cd3966744053de28302
41,PCBL LIMITED,450000000,45.0000,45,0.3928,59.4472,substring:LIMITED,data/parsed_sbi_purchase.csv,fe5f2ba9d1209486901598f7c84a668ce059ae98a8d80cd3966744053de28302
42,RITHWIK PROJECTS  PRIVATE LIMITED,450000000,45.0000,45,0.3928,59.8400,substring:LIMITED,data/parsed_sbi_purchase.csv,fe5f2ba9d1209486901598f7c84a668ce059ae98a8d80cd3966744053de28302
43,SASMAL INFRASTRUCTURE PRIVATE LIMITED,440000000,44.0000,44,0.3841,60.2240,substring:LIMITED,data/parsed_sbi_purchase.csv,fe5f2ba9d1209486901598f7c84a668ce059ae98a8d80cd3966744053de28302
44,TORRENT PHARMACEUTICALS LTD,425000000,42.5000,47,0.3710,60.5950,substring:LTD,data/parsed_sbi_purchase.csv,fe5f2ba9d1209486901598f7c84a668ce059ae98a8d80cd3966744053de28302
45,TRANSWAYS EXIM PRIVATE LIMITED,415000000,41.5000,226,0.3622,60.9573,substring:LIMITED,data/parsed_sbi_purchase.csv,fe5f2ba9d1209486901598f7c84a668ce059ae98a8d80cd3966744053de28302
46,PHL FINIVEST PVT LTD,400000000,40.0000,40,0.3491,61.3064,substring:PVT,data/parsed_sbi_purchase.csv,fe5f2ba9d1209486901598f7c84a668ce059ae98a8d80cd3966744053de28302
47,MODERN ROAD MAKERS PVT. LTD.,400000000,40.0000,40,0.3491,61.6556,substring:PVT,data/parsed_sbi_purchase.csv,fe5f2ba9d1209486901598f7c84a668ce059ae98a8d80cd3966744053de28302
48,LAXMI CIVIL ENGINEERING SERVICES PR,400000000,40.0000,40,0.3491,62.0047,word:SERVICES,data/parsed_sbi_purchase.csv,fe5f2ba9d1209486901598f7c84a668ce059ae98a8d80cd3966744053de28302
49,SEPC POWER PVT LTD OPERATION RETEN,400000000,40.0000,40,0.3491,62.3539,substring:PVT,data/parsed_sbi_purchase.csv,fe5f2ba9d1209486901598f7c84a668ce059ae98a8d80cd3966744053de28302
50,SHIRDI SAI ELECTRICALS LTD,400000000,40.0000,40,0.3491,62.7030,substring:LTD,data/parsed_sbi_purchase.csv,fe5f2ba9d1209486901598f7c84a668ce059ae98a8d80cd3966744053de28302
51,BHARTI TELEMEDIA LIMITED,370000000,37.0000,37,0.3230,63.0260,substring:LIMITED,data/parsed_sbi_purchase.csv,fe5f2ba9d1209486901598f7c84a668ce059ae98a8d80cd3966744053de28302
52,TORRENT PHARMACEUTICALS LIMITED,350000000,35.0000,44,0.3055,63.3315,substring:LIMITED,data/parsed_sbi_purchase.csv,fe5f2ba9d1209486901598f7c84a668ce059ae98a8d80cd3966744053de28302
53,SWAL CORPORATION LIMITED,350000000,35.0000,35,0.3055,63.6370,substring:LIMITED,data/parsed_sbi_purchase.csv,fe5f2ba9d1209486901598f7c84a668ce059ae98a8d80cd3966744053de28302
54,NEXG DEVICES PVT LTD,350000000,35.0000,35,0.3055,63.9425,substring:PVT,data/parsed_sbi_purchase.csv,fe5f2ba9d1209486901598f7c84a668ce059ae98a8d80cd3966744053de28302
55,SAFAL GOYAL REALTY LLP,350000000,35.0000,35,0.3055,64.2480,substring:LLP,data/parsed_sbi_purchase.csv,fe5f2ba9d1209486901598f7c84a668ce059ae98a8d80cd3966744053de28302
56,CRESCENT POWER LTD,340000000,34.0000,52,0.2968,64.5448,substring:LTD,data/parsed_sbi_purchase.csv,fe5f2ba9d1209486901598f7c84a668ce059ae98a8d80cd3966744053de28302
57,GRASIM INDUSTRIES LTD,330000000,33.0000,33,0.2880,64.8328,substring:LTD,data/parsed_sbi_purchase.csv,fe5f2ba9d1209486901598f7c84a668ce059ae98a8d80cd3966744053de28302
58,CIPLA LIMITED,322000000,32.2000,34,0.2811,65.1139,substring:LIMITED,data/parsed_sbi_purchase.csv,fe5f2ba9d1209486901598f7c84a668ce059ae98a8d80cd3966744053de28302
59,LCCPROJECTSPRIVATELIMITED,315000000,31.5000,36,0.2750,65.3888,substring:LIMITED,data/parsed_sbi_purchase.csv,fe5f2ba9d1209486901598f7c84a668ce059ae98a8d80cd3966744053de28302
60,KAMNA CREDITS AND PROMOTORS PVT LTD,305000000,30.5000,53,0.2662,65.6551,substring:PVT,data/parsed_sbi_purchase.csv,fe5f2ba9d1209486901598f7c84a668ce059ae98a8d80cd3966744053de28302
61,GENUS POWER INFRASTRUCTURES LIMITED,305000000,30.5000,35,0.2662,65.9213,substring:LIMITED,data/parsed_sbi_purchase.csv,fe5f2ba9d1209486901598f7c84a668ce059ae98a8d80cd3966744053de28302
62,PHILLIPS CARBON BLACK LIMITED,300000000,30.0000,30,0.2619,66.1831,substring:LIMITED,data/parsed_sbi_purchase.csv,fe5f2ba9d1209486901598f7c84a668ce059ae98a8d80cd3966744053de28302
63,HONEYWELL PROPERTIES PVT LTD,300000000,30.0000,30,0.2619,66.4450,substring:PVT,data/parsed_sbi_purchase.csv,fe5f2ba9d1209486901598f7c84a668ce059ae98a8d80cd3966744053de28302
64,HETERO DRUGS LIMITED,300000000,30.0000,30,0.2619,66.7069,substring:LIMITED,data/parsed_sbi_purchase.csv,fe5f2ba9d1209486901598f7c84a668ce059ae98a8d80cd3966744053de28302
65,JINDAL STAINLESS LTD,300000000,30.0000,30,0.2619,66.9687,substring:LTD,data/parsed_sbi_purchase.csv,fe5f2ba9d1209486901598f7c84a668ce059ae98a8d80cd3966744053de28302
66,APARNA FARMS AND ESTATES LLP,300000000,30.0000,30,0.2619,67.2306,substring:LLP,data/parsed_sbi_purchase.csv,fe5f2ba9d1209486901598f7c84a668ce059ae98a8d80cd3966744053de28302
67,JINDAL SAW LIMITED,290000000,29.0000,29,0.2531,67.4837,substring:LIMITED,data/parsed_sbi_purchase.csv,fe5f2ba9d1209486901598f7c84a668ce059ae98a8d80cd3966744053de28302
68,ZYDUS HEALTHCARE LIMITED,290000000,29.0000,29,0.2531,67.7369,substring:LIMITED,data/parsed_sbi_purchase.csv,fe5f2ba9d1209486901598f7c84a668ce059ae98a8d80cd3966744053de28302
69,WESTWELL GASES PRIVATE LIMITED,285000000,28.5000,33,0.2488,67.9856,substring:LIMITED,data/parsed_sbi_purchase.csv,fe5f2ba9d1209486901598f7c84a668ce059ae98a8d80cd3966744053de28302
70,PENGUIN TRADING & AGENCIES LIMITED,275000000,27.5000,32,0.2400,68.2257,substring:LIMITED,data/parsed_sbi_purchase.csv,fe5f2ba9d1209486901598f7c84a668ce059ae98a8d80cd3966744053de28302
71,KAYPEE ENTERPRISES,270000000,27.0000,27,0.2357,68.4613,word:ENTERPRISES,data/parsed_sbi_purchase.csv,fe5f2ba9d1209486901598f7c84a668ce059ae98a8d80cd3966744053de28302
72,RASHMI METALIKS LTD,270000000,27.0000,27,0.2357,68.6970,substring:LTD,data/parsed_sbi_purchase.csv,fe5f2ba9d1209486901598f7c84a668ce059ae98a8d80cd3966744053de28302
73,MSN PHARMACHEM PVT LTD,260000000,26.0000,26,0.2269,68.9240,substring:PVT,data/parsed_sbi_purchase.csv,fe5f2ba9d1209486901598f7c84a668ce059ae98a8d80cd3966744053de28302
74,KALPATARU PROJECTS INTERNATIONAL LIMITED,255000000,25.5000,30,0.2226,69.1466,substring:LIMITED,data/parsed_sbi_purchase.csv,fe5f2ba9d1209486901598f7c84a668ce059ae98a8d80cd3966744053de28302
75,DLF LUXURY HOMES LIMITED,250000000,25.0000,25,0.2182,69.3648,substring:LIMITED,data/parsed_sbi_purchase.csv,fe5f2ba9d1209486901598f7c84a668ce059ae98a8d80cd3966744053de28302
76,VEDANTA LTD,250000000,25.0000,43,0.2182,69.5830,substring:LTD,data/parsed_sbi_purchase.csv,fe5f2ba9d1209486901598f7c84a668ce059ae98a8d80cd3966744053de28302
77,AUTHUM INVESTMENT AND INFRASTRUCTURE LTD,250000000,25.0000,25,0.2182,69.8012,substring:LTD,data/parsed_sbi_purchase.csv,fe5f2ba9d1209486901598f7c84a668ce059ae98a8d80cd3966744053de28302
78,HETERO LABS LIMITED,250000000,25.0000,25,0.2182,70.0194,substring:LIMITED,data/parsed_sbi_purchase.csv,fe5f2ba9d1209486901598f7c84a668ce059ae98a8d80cd3966744053de28302
79,PIRAMAL ENTERPRISES LIMITED,250000000,25.0000,25,0.2182,70.2376,substring:LIMITED,data/parsed_sbi_purchase.csv,fe5f2ba9d1209486901598f7c84a668ce059ae98a8d80cd3966744053de28302
80,MAATHA PROJECTS LLP,250000000,25.0000,25,0.2182,70.4559,substring:LLP,data/parsed_sbi_purchase.csv,fe5f2ba9d1209486901598f7c84a668ce059ae98a8d80cd3966744053de28302
81,MAHINDRA & MAHINDRA LTD,250000000,25.0000,25,0.2182,70.6741,substring:LTD,data/parsed_sbi_purchase.csv,fe5f2ba9d1209486901598f7c84a668ce059ae98a8d80cd3966744053de28302
82,IRB MP EXPRESSWAY PRIVATE LIMITED,250000000,25.0000,25,0.2182,70.8923,substring:LIMITED,data/parsed_sbi_purchase.csv,fe5f2ba9d1209486901598f7c84a668ce059ae98a8d80cd3966744053de28302
83,PRATHMESH CONSTRUCTION,250000000,25.0000,25,0.2182,71.1105,word:CONSTRUCTION,data/parsed_sbi_purchase.csv,fe5f2ba9d1209486901598f7c84a668ce059ae98a8d80cd3966744053de28302
84,AVEES TRADING & FINANCE PVT LTD,240000000,24.0000,24,0.2095,71.3200,substring:PVT,data/parsed_sbi_purchase.csv,fe5f2ba9d1209486901598f7c84a668ce059ae98a8d80cd3966744053de28302
85,MANKIND PHARMA LIMITED,240000000,24.0000,24,0.2095,71.5295,substring:LIMITED,data/parsed_sbi_purchase.csv,fe5f2ba9d1209486901598f7c84a668ce059ae98a8d80cd3966744053de28302
86,HES INFRA PVT LTD,220000000,22.0000,22,0.1920,71.7215,substring:PVT,data/parsed_sbi_purchase.csv,fe5f2ba9d1209486901598f7c84a668ce059ae98a8d80cd3966744053de28302
87,WPIL LIMITED,220000000,22.0000,22,0.1920,71.9136,substring:LIMITED,data/parsed_sbi_purchase.csv,fe5f2ba9d1209486901598f7c84a668ce059ae98a8d80cd3966744053de28302
88,SIDDHI TRADING,220000000,22.0000,22,0.1920,72.1056,word:TRADING,data/parsed_sbi_purchase.csv,fe5f2ba9d1209486901598f7c84a668ce059ae98a8d80cd3966744053de28302
89,L7 HITECH PRIVATE LIMITED,220000000,22.0000,22,0.1920,72.2976,substring:LIMITED,data/parsed_sbi_purchase.csv,fe5f2ba9d1209486901598f7c84a668ce059ae98a8d80cd3966744053de28302
90,K RAHEJA CORP PVT LTD,210000000,21.0000,21,0.1833,72.4809,substring:PVT,data/parsed_sbi_purchase.csv,fe5f2ba9d1209486901598f7c84a668ce059ae98a8d80cd3966744053de28302
91,PRL DEVELOPERS PRIVATE LIMITED,200000000,20.0000,20,0.1746,72.6555,substring:LIMITED,data/parsed_sbi_purchase.csv,fe5f2ba9d1209486901598f7c84a668ce059ae98a8d80cd3966744053de28302
92,SUN PHARMA LABORATORIES LIMTED,200000000,20.0000,20,0.1746,72.8301,word:LABORATORIES,data/parsed_sbi_purchase.csv,fe5f2ba9d1209486901598f7c84a668ce059ae98a8d80cd3966744053de28302
93,BAJAJ FINANCE LTD,200000000,20.0000,20,0.1746,73.0047,substring:LTD,data/parsed_sbi_purchase.csv,fe5f2ba9d1209486901598f7c84a668ce059ae98a8d80cd3966744053de28302
94,FINOLEX CABLES LTD,200000000,20.0000,20,0.1746,73.1792,substring:LTD,data/parsed_sbi_purchase.csv,fe5f2ba9d1209486901598f7c84a668ce059ae98a8d80cd3966744053de28302
95,INTERGLOBE REAL ESTATE VENTURES PVT LTD,200000000,20.0000,20,0.1746,73.3538,substring:PVT,data/parsed_sbi_purchase.csv,fe5f2ba9d1209486901598f7c84a668ce059ae98a8d80cd3966744053de28302
96,LUCINA LAND DEVELOPMENT LIMITED,200000000,20.0000,20,0.1746,73.5284,substring:LIMITED,data/parsed_sbi_purchase.csv,fe5f2ba9d1209486901598f7c84a668ce059ae98a8d80cd3966744053de28302
97,ULTRATECHCEMENTSLTD,200000000,20.0000,20,0.1746,73.7029,substring:LTD,data/parsed_sbi_purchase.csv,fe5f2ba9d1209486901598f7c84a668ce059ae98a8d80cd3966744053de28302
98,HH IRON AND STEEL PRIVATE LIMITED,200000000,20.0000,20,0.1746,73.8775,substring:LIMITED,data/parsed_sbi_purchase.csv,fe5f2ba9d1209486901598f7c84a668ce059ae98a8d80cd3966744053de28302
99,CHANDER COMMERCIALS PVT LTD,200000000,20.0000,20,0.1746,74.0521,substring:PVT,data/parsed_sbi_purchase.csv,fe5f2ba9d1209486901598f7c84a668ce059ae98a8d80cd3966744053de28302
100,TORRENT POWER LTD,200000000,20.0000,110,0.1746,74.2267,substring:LTD,data/parsed_sbi_purchase.csv,fe5f2ba9d1209486901598f7c84a668ce059ae98a8d80cd3966744053de28302
101,BKC PROPERTIES PVT LTD,200000000,20.0000,20,0.1746,74.4012,substring:PVT,data/parsed_sbi_purchase.csv,fe5f2ba9d1209486901598f7c84a668ce059ae98a8d80cd3966744053de28302
102,RAJAPUSHPA PROPERTIES PVT LTD,200000000,20.0000,20,0.1746,74.5758,substring:PVT,data/parsed_sbi_purchase.csv,fe5f2ba9d1209486901598f7c84a668ce059ae98a8d80cd3966744053de28302
103,HONOUR LAB LTD,200000000,20.0000,20,0.1746,74.7504,substring:LTD,data/parsed_sbi_purchase.csv,fe5f2ba9d1209486901598f7c84a668ce059ae98a8d80cd3966744053de28302
104,KOYA AND COMPANY CONSTRUCTION LTD,200000000,20.0000,20,0.1746,74.9250,substring:LTD,data/parsed_sbi_purchase.csv,fe5f2ba9d1209486901598f7c84a668ce059ae98a8d80cd3966744053de28302
105,HERO MOTOCORP LIMITED,200000000,20.0000,20,0.1746,75.0995,substring:LIMITED,data/parsed_sbi_purchase.csv,fe5f2ba9d1209486901598f7c84a668ce059ae98a8d80cd3966744053de28302
106,INTAS PHARMACEUTICALS LIMITED,200000000,20.0000,20,0.1746,75.2741,substring:LIMITED,data/parsed_sbi_purchase.csv,fe5f2ba9d1209486901598f7c84a668ce059ae98a8d80cd3966744053de28302
107,MARUTI SUZUKI INDIA LTD,200000000,20.0000,20,0.1746,75.4487,substring:LTD,data/parsed_sbi_purchase.csv,fe5f2ba9d1209486901598f7c84a668ce059ae98a8d80cd3966744053de28302
108,TELLAPUR TECHNOCITY PRIVATE LIMI,200000000,20.0000,20,0.1746,75.6233,substring:PRIVATE,data/parsed_sbi_purchase.csv,fe5f2ba9d1209486901598f7c84a668ce059ae98a8d80cd3966744053de28302
109,WONDER CEMENT LTD,200000000,20.0000,20,0.1746,75.7978,substring:LTD,data/parsed_sbi_purchase.csv,fe5f2ba9d1209486901598f7c84a668ce059ae98a8d80cd3966744053de28302
110,NSL SEZ(HYDERABAD) PRIVATE LIMITED,195000000,19.5000,24,0.1702,75.9681,substring:LIMITED,data/parsed_sbi_purchase.csv,fe5f2ba9d1209486901598f7c84a668ce059ae98a8d80cd3966744053de28302
111,DINESHCHANDRA R AGRAWAL INFRACON PVT LTD,185000000,18.5000,23,0.1615,76.1295,substring:PVT,data/parsed_sbi_purchase.csv,fe5f2ba9d1209486901598f7c84a668ce059ae98a8d80cd3966744053de28302
112,VARDHMAN TEXTILES LTD,182500000,18.2500,52,0.1593,76.2888,substring:LTD,data/parsed_sbi_purchase.csv,fe5f2ba9d1209486901598f7c84a668ce059ae98a8d80cd3966744053de28302
113,BAJAJ AUTO LTD,180000000,18.0000,27,0.1571,76.4460,substring:LTD,data/parsed_sbi_purchase.csv,fe5f2ba9d1209486901598f7c84a668ce059ae98a8d80cd3966744053de28302
114,LUPIN LIMITED,180000000,18.0000,18,0.1571,76.6031,substring:LIMITED,data/parsed_sbi_purchase.csv,fe5f2ba9d1209486901598f7c84a668ce059ae98a8d80cd3966744053de28302
115,RAY CONSTRUCTIONS LTD,175001000,17.5001,23,0.1528,76.7558,substring:LTD,data/parsed_sbi_purchase.csv,fe5f2ba9d1209486901598f7c84a668ce059ae98a8d80cd3966744053de28302
116,S D CORPORATION PVT LTD,170000000,17.0000,17,0.1484,76.9042,substring:PVT,data/parsed_sbi_purchase.csv,fe5f2ba9d1209486901598f7c84a668ce059ae98a8d80cd3966744053de28302
117,OSTRO JAISALMER PRIVATE LIMITED,170000000,17.0000,17,0.1484,77.0526,substring:LIMITED,data/parsed_sbi_purchase.csv,fe5f2ba9d1209486901598f7c84a668ce059ae98a8d80cd3966744053de28302
118,OSTRO MADHYA WIND PRIVATE LIMITED,170000000,17.0000,17,0.1484,77.2010,substring:LIMITED,data/parsed_sbi_purchase.csv,fe5f2ba9d1209486901598f7c84a668ce059ae98a8d80cd3966744053de28302
119,ISHAN TECHNICAL PLANT SERVICES PVT LTD,160000000,16.0000,16,0.1397,77.3406,substring:PVT,data/parsed_sbi_purchase.csv,fe5f2ba9d1209486901598f7c84a668ce059ae98a8d80cd3966744053de28302
120,BALU IRON AND STEEL COMPANY,160000000,16.0000,16,0.1397,77.4803,word:COMPANY,data/parsed_sbi_purchase.csv,fe5f2ba9d1209486901598f7c84a668ce059ae98a8d80cd3966744053de28302
121,MOHAN STEEL CORPORATION,160000000,16.0000,16,0.1397,77.6200,word:CORPORATION,data/parsed_sbi_purchase.csv,fe5f2ba9d1209486901598f7c84a668ce059ae98a8d80cd3966744053de28302
122,NIRMA LIMITED,160000000,16.0000,16,0.1397,77.7596,substring:LIMITED,data/parsed_sbi_purchase.csv,fe5f2ba9d1209486901598f7c84a668ce059ae98a8d80cd3966744053de28302
123,KITEX GARMENTS LIMITED,160000000,16.0000,16,0.1397,77.8993,substring:LIMITED,data/parsed_sbi_purchase.csv,fe5f2ba9d1209486901598f7c84a668ce059ae98a8d80cd3966744053de28302
124,TVS MOBILITY PRIVATE LIMITED,160000000,16.0000,16,0.1397,78.0389,substring:LIMITED,data/parsed_sbi_purchase.csv,fe5f2ba9d1209486901598f7c84a668ce059ae98a8d80cd3966744053de28302
125,BHARTI AIRTEL LIMITEDAIRTEL CURRE NT AC-GCO,150000000,15.0000,33,0.1309,78.1699,substring:LIMITED,data/parsed_sbi_purchase.csv,fe5f2ba9d1209486901598f7c84a668ce059ae98a8d80cd3966744053de28302
126,INFOTELBUSINESSSOLUTIONSLTDBR,150000000,15.0000,15,0.1309,78.3008,substring:LTD,data/parsed_sbi_purchase.csv,fe5f2ba9d1209486901598f7c84a668ce059ae98a8d80cd3966744053de28302
127,ULTRA TECH CEMENT LIMITED,150000000,15.0000,24,0.1309,78.4317,substring:LIMITED,data/parsed_sbi_purchase.csv,fe5f2ba9d1209486901598f7c84a668ce059ae98a8d80cd3966744053de28302
128,MISRILALL MINES PVT LTD,150000000,15.0000,15,0.1309,78.5627,substring:PVT,data/parsed_sbi_purchase.csv,fe5f2ba9d1209486901598f7c84a668ce059ae98a8d80cd3966744053de28302
129,INORBIT MALLS  INDIA  PRIVATE LIMIT,150000000,15.0000,15,0.1309,78.6936,substring:PRIVATE,data/parsed_sbi_purchase.csv,fe5f2ba9d1209486901598f7c84a668ce059ae98a8d80cd3966744053de28302
130,ALKEM LABORATORIES LIMITED,150000000,15.0000,15,0.1309,78.8245,substring:LIMITED,data/parsed_sbi_purchase.csv,fe5f2ba9d1209486901598f7c84a668ce059ae98a8d80cd3966744053de28302
131,DLF GARDEN CITY INDORE PVT LTD,150000000,15.0000,15,0.1309,78.9555,substring:PVT,data/parsed_sbi_purchase.csv,fe5f2ba9d1209486901598f7c84a668ce059ae98a8d80cd3966744053de28302
132,AKSENTT TECH SERVICES LIMITED (UNITY TEL ECOM INFRASTRUCTURE),150000000,15.0000,15,0.1309,79.0864,substring:LIMITED,data/parsed_sbi_purchase.csv,fe5f2ba9d1209486901598f7c84a668ce059ae98a8d80cd3966744053de28302
133,MY HOME INFRASTRUCTURES  PRIVATE LI,150000000,15.0000,15,0.1309,79.2173,substring:PRIVATE,data/parsed_sbi_purchase.csv,fe5f2ba9d1209486901598f7c84a668ce059ae98a8d80cd3966744053de28302
134,AQUA SPACE DEVELOPERS PRIVATE LIMIT,150000000,15.0000,15,0.1309,79.3483,substring:PRIVATE,data/parsed_sbi_purchase.csv,fe5f2ba9d1209486901598f7c84a668ce059ae98a8d80cd3966744053de28302
135,EUGIA PHARMA SPECIALITIES LIMITED,150000000,15.0000,15,0.1309,79.4792,substring:LIMITED,data/parsed_sbi_purchase.csv,fe5f2ba9d1209486901598f7c84a668ce059ae98a8d80cd3966744053de28302
136,TERACON BUILDTECH LLP,150000000,15.0000,15,0.1309,79.6101,substring:LLP,data/parsed_sbi_purchase.csv,fe5f2ba9d1209486901598f7c84a668ce059ae98a8d80cd3966744053de28302
137,ABHINANDANSTOCKBROKINGPVTLTD,147000000,14.7000,48,0.1283,79.7384,substring:PVT,data/parsed_sbi_purchase.csv,fe5f2ba9d1209486901598f7c84a668ce059ae98a8d80cd3966744053de28302
138,SHRI JAGANNATH STEELS & POWER LTD,145000000,14.5000,46,0.1266,79.8650,substring:LTD,data/parsed_sbi_purchase.csv,fe5f2ba9d1209486901598f7c84a668ce059ae98a8d80cd3966744053de28302
139,WELSPUN CORP LTD,140000000,14.0000,14,0.1222,79.9872,substring:LTD,data/parsed_sbi_purchase.csv,fe5f2ba9d1209486901598f7c84a668ce059ae98a8d80cd3966744053de28302
140,JK LAKSHMI CEMENT LIMITED,140000000,14.0000,23,0.1222,80.1094,substring:LIMITED,data/parsed_sbi_purchase.csv,fe5f2ba9d1209486901598f7c84a668ce059ae98a8d80cd3966744053de28302
141,MYTRAH ENERGY INDIA PRIVATE LIMITED,140000000,14.0000,14,0.1222,80.2316,substring:LIMITED,data/parsed_sbi_purchase.csv,fe5f2ba9d1209486901598f7c84a668ce059ae98a8d80cd3966744053de28302
142,IPCA LABORATORIES LIMITED,135000000,13.5000,27,0.1178,80.3494,substring:LIMITED,data/parsed_sbi_purchase.csv,fe5f2ba9d1209486901598f7c84a668ce059ae98a8d80cd3966744053de28302
143,MODERN ROAD MAKERS PVT LTD,130000000,13.0000,13,0.1135,80.4629,substring:PVT,data/parsed_sbi_purchase.csv,fe5f2ba9d1209486901598f7c84a668ce059ae98a8d80cd3966744053de28302
144,WELSPUN ENTERPRISES LTD,130000000,13.0000,13,0.1135,80.5764,substring:LTD,data/parsed_sbi_purchase.csv,fe5f2ba9d1209486901598f7c84a668ce059ae98a8d80cd3966744053de28302
145,SANDHYA  CONSTRUCTIONS & ESTATES PRIVATE  LIMITED,130000000,13.0000,13,0.1135,80.6899,substring:LIMITED,data/parsed_sbi_purchase.csv,fe5f2ba9d1209486901598f7c84a668ce059ae98a8d80cd3966744053de28302
146,WELSPUN CORP LIMITED,130000000,13.0000,13,0.1135,80.8033,substring:LIMITED,data/parsed_sbi_purchase.csv,fe5f2ba9d1209486901598f7c84a668ce059ae98a8d80cd3966744053de28302
147,HIMALAYAN ENDEAVOUR PVT LTD,129000000,12.9000,66,0.1126,80.9159,substring:PVT,data/parsed_sbi_purchase.csv,fe5f2ba9d1209486901598f7c84a668ce059ae98a8d80cd3966744053de28302
148,HAZELO LAB PRIVATE LTD,125000000,12.5000,17,0.1091,81.0250,substring:PRIVATE,data/parsed_sbi_purchase.csv,fe5f2ba9d1209486901598f7c84a668ce059ae98a8d80cd3966744053de28302
149,HINDYS LAB PRIVATE LTD,125000000,12.5000,17,0.1091,81.1342,substring:PRIVATE,data/parsed_sbi_purchase.csv,fe5f2ba9d1209486901598f7c84a668ce059ae98a8d80cd3966744053de28302
150,GUJARAT FLUORO CHEMICALS LIMITED,120000000,12.0000,12,0.1047,81.2389,substring:LIMITED,data/parsed_sbi_purchase.csv,fe5f2ba9d1209486901598f7c84a668ce059ae98a8d80cd3966744053de28302
151,BHARTI INFRATEL LIMITED,120000000,12.0000,12,0.1047,81.3436,substring:LIMITED,data/parsed_sbi_purchase.csv,fe5f2ba9d1209486901598f7c84a668ce059ae98a8d80cd3966744053de28302
152,TALENTO TECHNICAL PLANT SERVICES PVT LTD,120000000,12.0000,12,0.1047,81.4484,substring:PVT,data/parsed_sbi_purchase.csv,fe5f2ba9d1209486901598f7c84a668ce059ae98a8d80cd3966744053de28302
153,NATCO PHARMA LIMITED,120000000,12.0000,12,0.1047,81.5531,substring:LIMITED,data/parsed_sbi_purchase.csv,fe5f2ba9d1209486901598f7c84a668ce059ae98a8d80cd3966744053de28302
154,SATEC ENVIR ENGINEERING (I) PVT LTD,120000000,12.0000,21,0.1047,81.6579,substring:PVT,data/parsed_sbi_purchase.csv,fe5f2ba9d1209486901598f7c84a668ce059ae98a8d80cd3966744053de28302
155,SUN PHARMA LABORATORIES LTD,115000000,11.5000,16,0.1004,81.7583,substring:LTD,data/parsed_sbi_purchase.csv,fe5f2ba9d1209486901598f7c84a668ce059ae98a8d80cd3966744053de28302
156,HERALD BEVERAGES PRIVATE LIMITED,115000000,11.5000,16,0.1004,81.8586,substring:LIMITED,data/parsed_sbi_purchase.csv,fe5f2ba9d1209486901598f7c84a668ce059ae98a8d80cd3966744053de28302
157,BENGAL COKE COMPANY LIMITED,113210000,11.3210,17,0.0988,81.9575,substring:LIMITED,data/parsed_sbi_purchase.csv,fe5f2ba9d1209486901598f7c84a668ce059ae98a8d80cd3966744053de28302
158,REAL TECHNICAL SOLUTIONS PVT LTD,110000000,11.0000,11,0.0960,82.0535,substring:PVT,data/parsed_sbi_purchase.csv,fe5f2ba9d1209486901598f7c84a668ce059ae98a8d80cd3966744053de28302
159,KEC INTERNATIONAL LIMITED,110000000,11.0000,11,0.0960,82.1495,substring:LIMITED,data/parsed_sbi_purchase.csv,fe5f2ba9d1209486901598f7c84a668ce059ae98a8d80cd3966744053de28302
160,INTERGLOBE AIR TRANSPORT LIMITED,110000000,11.0000,11,0.0960,82.2455,substring:LIMITED,data/parsed_sbi_purchase.csv,fe5f2ba9d1209486901598f7c84a668ce059ae98a8d80cd3966744053de28302
161,JAI BHARAT TECHNICAL SERVICES PVT LTD,105000000,10.5000,15,0.0917,82.3372,substring:PVT,data/parsed_sbi_purchase.csv,fe5f2ba9d1209486901598f7c84a668ce059ae98a8d80cd3966744053de28302
162,JWIL INFRA LTD. (FORM. JITF WATER,105000000,10.5000,15,0.0917,82.4288,substring:LTD,data/parsed_sbi_purchase.csv,fe5f2ba9d1209486901598f7c84a668ce059ae98a8d80cd3966744053de28302
163,MONALISA BOTTLING INDUSTRIES PVT LTD,101500000,10.1500,70,0.0886,82.5174,substring:PVT,data/parsed_sbi_purchase.csv,fe5f2ba9d1209486901598f7c84a668ce059ae98a8d80cd3966744053de28302
164,PIRAMAL CAPITAL AND HOUSING FINANCE LTD,100000000,10.0000,10,0.0873,82.6047,substring:LTD,data/parsed_sbi_purchase.csv,fe5f2ba9d1209486901598f7c84a668ce059ae98a8d80cd3966744053de28302
165,PIRAMAL ENTERPRISES LTD,100000000,10.0000,10,0.0873,82.6920,substring:LTD,data/parsed_sbi_purchase.csv,fe5f2ba9d1209486901598f7c84a668ce059ae98a8d80cd3966744053de28302
166,PEGASUS PROPERTIES PVT LTD,100000000,10.0000,19,0.0873,82.7793,substring:PVT,data/parsed_sbi_purchase.csv,fe5f2ba9d1209486901598f7c84a668ce059ae98a8d80cd3966744053de28302
167,BAJAJ HOLDINGS & INVESTMENT LIMITED,100000000,10.0000,10,0.0873,82.8666,substring:LIMITED,data/parsed_sbi_purchase.csv,fe5f2ba9d1209486901598f7c84a668ce059ae98a8d80cd3966744053de28302
168,BRIGHT STAR INVESTMENTS PVT.LTD,100000000,10.0000,10,0.0873,82.9538,substring:PVT,data/parsed_sbi_purchase.csv,fe5f2ba9d1209486901598f7c84a668ce059ae98a8d80cd3966744053de28302
169,INFOTELTECHNOLOGIESPRIVATELIMITE,100000000,10.0000,10,0.0873,83.0411,substring:PRIVATE,data/parsed_sbi_purchase.csv,fe5f2ba9d1209486901598f7c84a668ce059ae98a8d80cd3966744053de28302
170,ATHENA INFRASTRUCTURE LIMITED,100000000,10.0000,10,0.0873,83.1284,substring:LIMITED,data/parsed_sbi_purchase.csv,fe5f2ba9d1209486901598f7c84a668ce059ae98a8d80cd3966744053de28302
171,ENAM HOLDINGS PRIVATE LIMITED,100000000,10.0000,10,0.0873,83.2157,substring:LIMITED,data/parsed_sbi_purchase.csv,fe5f2ba9d1209486901598f7c84a668ce059ae98a8d80cd3966744053de28302
172,SELENE CONSTRUCTIONS LIMITED,100000000,10.0000,10,0.0873,83.3030,substring:LIMITED,data/parsed_sbi_purchase.csv,fe5f2ba9d1209486901598f7c84a668ce059ae98a8d80cd3966744053de28302
173,SYLVANUS PROPERTIES LIMITED,100000000,10.0000,10,0.0873,83.3903,substring:LIMITED,data/parsed_sbi_purchase.csv,fe5f2ba9d1209486901598f7c84a668ce059ae98a8d80cd3966744053de28302
174,UPL LIMITED,100000000,10.0000,10,0.0873,83.4776,substring:LIMITED,data/parsed_sbi_purchase.csv,fe5f2ba9d1209486901598f7c84a668ce059ae98a8d80cd3966744053de28302
175,APCO INFRATECH PVT LTD  FORMERLY AP,100000000,10.0000,10,0.0873,83.5649,substring:PVT,data/parsed_sbi_purchase.csv,fe5f2ba9d1209486901598f7c84a668ce059ae98a8d80cd3966744053de28302
176,UTKAL ALUMINA INTERNATIONAL LTD,100000000,10.0000,10,0.0873,83.6521,substring:LTD,data/parsed_sbi_purchase.csv,fe5f2ba9d1209486901598f7c84a668ce059ae98a8d80cd3966744053de28302
177,MKK METAL SECTIONS P LTD,100000000,10.0000,10,0.0873,83.7394,substring:LTD,data/parsed_sbi_purchase.csv,fe5f2ba9d1209486901598f7c84a668ce059ae98a8d80cd3966744053de28302
178,CHANDRAJYOTI ESTATE DEVELOPERS PVT.,100000000,10.0000,10,0.0873,83.8267,substring:PVT,data/parsed_sbi_purchase.csv,fe5f2ba9d1209486901598f7c84a668ce059ae98a8d80cd3966744053de28302
179,J.K.CEMENT LTD.,100000000,10.0000,64,0.0873,83.9140,substring:LTD,data/parsed_sbi_purchase.csv,fe5f2ba9d1209486901598f7c84a668ce059ae98a8d80cd3966744053de28302
180,ORISSA METALIKS PVT LIMITED,100000000,10.0000,10,0.0873,84.0013,substring:LIMITED,data/parsed_sbi_purchase.csv,fe5f2ba9d1209486901598f7c84a668ce059ae98a8d80cd3966744053de28302
181,APCO INFRATECH PRIVATE LIMITED,100000000,10.0000,10,0.0873,84.0886,substring:LIMITED,data/parsed_sbi_purchase.csv,fe5f2ba9d1209486901598f7c84a668ce059ae98a8d80cd3966744053de28302
182,PPR M SAND LLP,100000000,10.0000,10,0.0873,84.1759,substring:LLP,data/parsed_sbi_purchase.csv,fe5f2ba9d1209486901598f7c84a668ce059ae98a8d80cd3966744053de28302
183,SRICHAITANYA STUDENTS FACILITY MANAGEMENT PVT LTD,100000000,10.0000,10,0.0873,84.2632,substring:PVT,data/parsed_sbi_purchase.csv,fe5f2ba9d1209486901598f7c84a668ce059ae98a8d80cd3966744053de28302
184,SELMAR LAB PRIVATE LTD,100000000,10.0000,10,0.0873,84.3504,substring:PRIVATE,data/parsed_sbi_purchase.csv,fe5f2ba9d1209486901598f7c84a668ce059ae98a8d80cd3966744053de28302
185,NAVAYUGA ENGINEERING CO LTD,100000000,10.0000,10,0.0873,84.4377,substring:LTD,data/parsed_sbi_purchase.csv,fe5f2ba9d1209486901598f7c84a668ce059ae98a8d80cd3966744053de28302
186,WELSPUN INDIA LIMITED,100000000,10.0000,10,0.0873,84.5250,substring:LIMITED,data/parsed_sbi_purchase.csv,fe5f2ba9d1209486901598f7c84a668ce059ae98a8d80cd3966744053de28302
187,BEST AGROLIFE LIMITED,100000000,10.0000,10,0.0873,84.6123,substring:LIMITED,data/parsed_sbi_purchase.csv,fe5f2ba9d1209486901598f7c84a668ce059ae98a8d80cd3966744053de28302
188,USV PRIVATE LTD ( FORMERLY USV LTD),100000000,10.0000,10,0.0873,84.6996,substring:PRIVATE,data/parsed_sbi_purchase.csv,fe5f2ba9d1209486901598f7c84a668ce059ae98a8d80cd3966744053de28302
189,INORBIT MALLS INDIA PRIVATE LIMITED,100000000,10.0000,10,0.0873,84.7869,substring:LIMITED,data/parsed_sbi_purchase.csv,fe5f2ba9d1209486901598f7c84a668ce059ae98a8d80cd3966744053de28302
190,ABNLINVESTMENTLIMITED,100000000,10.0000,10,0.0873,84.8742,substring:LIMITED,data/parsed_sbi_purchase.csv,fe5f2ba9d1209486901598f7c84a668ce059ae98a8d80cd3966744053de28302
191,BIOXGREEN TECHNOLOGY PRIVATE LIMITE,100000000,10.0000,10,0.0873,84.9614,substring:PRIVATE,data/parsed_sbi_purchase.csv,fe5f2ba9d1209486901598f7c84a668ce059ae98a8d80cd3966744053de28302
192,GOODLUCK  INDIA LIMITED,100000000,10.0000,19,0.0873,85.0487,substring:LIMITED,data/parsed_sbi_purchase.csv,fe5f2ba9d1209486901598f7c84a668ce059ae98a8d80cd3966744053de28302
193,PRESTIGE GARDEN ESTATES PRIVATE LIM,100000000,10.0000,10,0.0873,85.1360,substring:PRIVATE,data/parsed_sbi_purchase.csv,fe5f2ba9d1209486901598f7c84a668ce059ae98a8d80cd3966744053de28302
194,PRESTIGE PROJECTS PVT LTD,100000000,10.0000,10,0.0873,85.2233,substring:PVT,data/parsed_sbi_purchase.csv,fe5f2ba9d1209486901598f7c84a668ce059ae98a8d80cd3966744053de28302
195,SUPER CYBERTECH PARK PRIVATE LIMITE,100000000,10.0000,10,0.0873,85.3106,substring:PRIVATE,data/parsed_sbi_purchase.csv,fe5f2ba9d1209486901598f7c84a668ce059ae98a8d80cd3966744053de28302
196,KNR CONSTRUCTIONS LTD,100000000,10.0000,10,0.0873,85.3979,substring:LTD,data/parsed_sbi_purchase.csv,fe5f2ba9d1209486901598f7c84a668ce059ae98a8d80cd3966744053de28302
197,SHRI SHAMLAJI SALES PRIVATE LIMITED,100000000,10.0000,10,0.0873,85.4852,substring:LIMITED,data/parsed_sbi_purchase.csv,fe5f2ba9d1209486901598f7c84a668ce059ae98a8d80cd3966744053de28302
198,GVPR ENGINEERS LTD,100000000,10.0000,10,0.0873,85.5725,substring:LTD,data/parsed_sbi_purchase.csv,fe5f2ba9d1209486901598f7c84a668ce059ae98a8d80cd3966744053de28302
199,APCO INFRATECH PRIVATE LTD,100000000,10.0000,10,0.0873,85.6597,substring:PRIVATE,data/parsed_sbi_purchase.csv,fe5f2ba9d1209486901598f7c84a668ce059ae98a8d80cd3966744053de28302
200,CYIENT LIMITED,100000000,10.0000,10,0.0873,85.7470,substring:LIMITED,data/parsed_sbi_purchase.csv,fe5f2ba9d1209486901598f7c84a668ce059ae98a8d80cd3966744053de28302
201,APL HEALTHCARE LIMITED,100000000,10.0000,10,0.0873,85.8343,substring:LIMITED,data/parsed_sbi_purchase.csv,fe5f2ba9d1209486901598f7c84a668ce059ae98a8d80cd3966744053de28302
202,SNEHA KINETIC POWER PROJECTS PVT LTD,100000000,10.0000,10,0.0873,85.9216,substring:PVT,data/parsed_sbi_purchase.csv,fe5f2ba9d1209486901598f7c84a668ce059ae98a8d80cd3966744053de28302
203,MSN LABORATORIES PVT LTD,100000000,10.0000,10,0.0873,86.0089,substring:PVT,data/parsed_sbi_purchase.csv,fe5f2ba9d1209486901598f7c84a668ce059ae98a8d80cd3966744053de28302
204,ACE URBAN DEVELOPERS PVT LTD,100000000,10.0000,10,0.0873,86.0962,substring:PVT,data/parsed_sbi_purchase.csv,fe5f2ba9d1209486901598f7c84a668ce059ae98a8d80cd3966744053de28302
205,BHARAT BIOTECH INTERNATIONAL LIMITED,100000000,10.0000,10,0.0873,86.1835,substring:LIMITED,data/parsed_sbi_purchase.csv,fe5f2ba9d1209486901598f7c84a668ce059ae98a8d80cd3966744053de28302
206,ENVIRO CONTROL PRIVATE LIMITED FORM,100000000,10.0000,10,0.0873,86.2708,substring:LIMITED,data/parsed_sbi_purchase.csv,fe5f2ba9d1209486901598f7c84a668ce059ae98a8d80cd3966744053de28302
207,TVS MOTOR COMPANY LIMITED,100000000,10.0000,10,0.0873,86.3580,substring:LIMITED,data/parsed_sbi_purchase.csv,fe5f2ba9d1209486901598f7c84a668ce059ae98a8d80cd3966744053de28302
208,GLENMARK PHARMACEUTICALS LTD,97500000,9.7500,21,0.0851,86.4432,substring:LTD,data/parsed_sbi_purchase.csv,fe5f2ba9d1209486901598f7c84a668ce059ae98a8d80cd3966744053de28302
209,MY HOME INFRASTRUCTURES PVT LTD MY,95000000,9.5000,14,0.0829,86.5261,substring:PVT,data/parsed_sbi_purchase.csv,fe5f2ba9d1209486901598f7c84a668ce059ae98a8d80cd3966744053de28302
210,SENGUPTA AND SENGUPTA PRIVATE LIMIT,92000000,9.2000,20,0.0803,86.6064,substring:PRIVATE,data/parsed_sbi_purchase.csv,fe5f2ba9d1209486901598f7c84a668ce059ae98a8d80cd3966744053de28302
211,OM METALS DEVELOPERS (P) LTD.,90000000,9.0000,18,0.0786,86.6849,substring:LTD,data/parsed_sbi_purchase.csv,fe5f2ba9d1209486901598f7c84a668ce059ae98a8d80cd3966744053de28302
212,INDUSTRIAL TECHNO MAN POWER SUPPLY AND SERVICES PVT LTD,90000000,9.0000,9,0.0786,86.7635,substring:PVT,data/parsed_sbi_purchase.csv,fe5f2ba9d1209486901598f7c84a668ce059ae98a8d80cd3966744053de28302
213,HARDESH ORES PVT LTD,90000000,9.0000,9,0.0786,86.8421,substring:PVT,data/parsed_sbi_purchase.csv,fe5f2ba9d1209486901598f7c84a668ce059ae98a8d80cd3966744053de28302
214,VACMETINDIALIMITED,90000000,9.0000,9,0.0786,86.9206,substring:LIMITED,data/parsed_sbi_purchase.csv,fe5f2ba9d1209486901598f7c84a668ce059ae98a8d80cd3966744053de28302
215,MICHIGAN ENGINEERS PVT LTD,90000000,9.0000,9,0.0786,86.9992,substring:PVT,data/parsed_sbi_purchase.csv,fe5f2ba9d1209486901598f7c84a668ce059ae98a8d80cd3966744053de28302
216,MICRO LABS LTD,90000000,9.0000,9,0.0786,87.0777,substring:LTD,data/parsed_sbi_purchase.csv,fe5f2ba9d1209486901598f7c84a668ce059ae98a8d80cd3966744053de28302
217,RANJIT BUILDCON LIMITED,90000000,9.0000,9,0.0786,87.1563,substring:LIMITED,data/parsed_sbi_purchase.csv,fe5f2ba9d1209486901598f7c84a668ce059ae98a8d80cd3966744053de28302
218,KITEX CHILDRENSWEAR LTD,90000000,9.0000,9,0.0786,87.2348,substring:LTD,data/parsed_sbi_purchase.csv,fe5f2ba9d1209486901598f7c84a668ce059ae98a8d80cd3966744053de28302
219,ASKUS LOGISTICS PRIVATE LIMITED,90000000,9.0000,9,0.0786,87.3134,substring:LIMITED,data/parsed_sbi_purchase.csv,fe5f2ba9d1209486901598f7c84a668ce059ae98a8d80cd3966744053de28302
220,RIPLEY & CO STEVDORING & HANDLING PVT LT D,85000000,8.5000,31,0.0742,87.3876,substring:PVT,data/parsed_sbi_purchase.csv,fe5f2ba9d1209486901598f7c84a668ce059ae98a8d80cd3966744053de28302
221,YOGA BUILDERS PVT LTD,85000000,8.5000,13,0.0742,87.4618,substring:PVT,data/parsed_sbi_purchase.csv,fe5f2ba9d1209486901598f7c84a668ce059ae98a8d80cd3966744053de28302
222,SRI KUMARASWAMY MINERAL EXPORTS PR,83300000,8.3300,14,0.0727,87.5345,truncated:PR,data/parsed_sbi_purchase.csv,fe5f2ba9d1209486901598f7c84a668ce059ae98a8d80cd3966744053de28302
223,SKP MERCHANTS LLP,80000000,8.0000,8,0.0698,87.6043,substring:LLP,data/parsed_sbi_purchase.csv,fe5f2ba9d1209486901598f7c84a668ce059ae98a8d80cd3966744053de28302
224,PROCURE ADVISORY SERVICES PRIVATE LTD,80000000,8.0000,8,0.0698,87.6742,substring:PRIVATE,data/parsed_sbi_purchase.csv,fe5f2ba9d1209486901598f7c84a668ce059ae98a8d80cd3966744053de28302
225,ORRISA METALIKS PVT LTD,80000000,8.0000,8,0.0698,87.7440,substring:PVT,data/parsed_sbi_purchase.csv,fe5f2ba9d1209486901598f7c84a668ce059ae98a8d80cd3966744053de28302
226,GREENKO ENERGY PROJECTS PRIVATE LTD,80000000,8.0000,8,0.0698,87.8138,substring:PRIVATE,data/parsed_sbi_purchase.csv,fe5f2ba9d1209486901598f7c84a668ce059ae98a8d80cd3966744053de28302
227,AQ SQUARE REALTORS PRIVATE LIMITED,80000000,8.0000,8,0.0698,87.8837,substring:LIMITED,data/parsed_sbi_purchase.csv,fe5f2ba9d1209486901598f7c84a668ce059ae98a8d80cd3966744053de28302
228,UNIPRO TECHNO INFRASTRUCTURE PVT LTD,80000000,8.0000,8,0.0698,87.9535,substring:PVT,data/parsed_sbi_purchase.csv,fe5f2ba9d1209486901598f7c84a668ce059ae98a8d80cd3966744053de28302
229,COMFORT TRIMS PRIVATE LIMITED DIVIS,80000000,8.0000,8,0.0698,88.0233,substring:LIMITED,data/parsed_sbi_purchase.csv,fe5f2ba9d1209486901598f7c84a668ce059ae98a8d80cd3966744053de28302
230,THE PUNJAB BUSINESS SUPPLY COMPANY,78000000,7.8000,15,0.0681,88.0914,word:COMPANY,data/parsed_sbi_purchase.csv,fe5f2ba9d1209486901598f7c84a668ce059ae98a8d80cd3966744053de28302
231,AJAY METALLOYS PVT LTD,75000000,7.5000,12,0.0655,88.1569,substring:PVT,data/parsed_sbi_purchase.csv,fe5f2ba9d1209486901598f7c84a668ce059ae98a8d80cd3966744053de28302
232,BESSEGGENINFOTECHLLP,75000000,7.5000,39,0.0655,88.2223,substring:LLP,data/parsed_sbi_purchase.csv,fe5f2ba9d1209486901598f7c84a668ce059ae98a8d80cd3966744053de28302
233,CASTLE LIQUORS PRIVATE LIMITED,75000000,7.5000,75,0.0655,88.2878,substring:LIMITED,data/parsed_sbi_purchase.csv,fe5f2ba9d1209486901598f7c84a668ce059ae98a8d80cd3966744053de28302
234,CIPLA LTD,70000000,7.0000,7,0.0611,88.3489,substring:LTD,data/parsed_sbi_purchase.csv,fe5f2ba9d1209486901598f7c84a668ce059ae98a8d80cd3966744053de28302
235,TIVOLI PARK APARTMENTS PVT LTD,70000000,7.0000,7,0.0611,88.4100,substring:PVT,data/parsed_sbi_purchase.csv,fe5f2ba9d1209486901598f7c84a668ce059ae98a8d80cd3966744053de28302
236,SCAFFOLD PROPERTIES PVT LTD,70000000,7.0000,7,0.0611,88.4711,substring:PVT,data/parsed_sbi_purchase.csv,fe5f2ba9d1209486901598f7c84a668ce059ae98a8d80cd3966744053de28302
237,NUVOCO VISTAS CORPORATION LTD,70000000,7.0000,7,0.0611,88.5322,substring:LTD,data/parsed_sbi_purchase.csv,fe5f2ba9d1209486901598f7c84a668ce059ae98a8d80cd3966744053de28302
238,MOHIT MINERALS LIMITED,70000000,7.0000,7,0.0611,88.5933,substring:LIMITED,data/parsed_sbi_purchase.csv,fe5f2ba9d1209486901598f7c84a668ce059ae98a8d80cd3966744053de28302
239,SOMASILA SOLAR POWER LIMITED,70000000,7.0000,7,0.0611,88.6544,substring:LIMITED,data/parsed_sbi_purchase.csv,fe5f2ba9d1209486901598f7c84a668ce059ae98a8d80cd3966744053de28302
240,CAPACITE INFRAPROJECTS LTD,70000000,7.0000,7,0.0611,88.7155,substring:LTD,data/parsed_sbi_purchase.csv,fe5f2ba9d1209486901598f7c84a668ce059ae98a8d80cd3966744053de28302
241,MICRO LABS LIMITED,70000000,7.0000,7,0.0611,88.7766,substring:LIMITED,data/parsed_sbi_purchase.csv,fe5f2ba9d1209486901598f7c84a668ce059ae98a8d80cd3966744053de28302
242,ASISH FINANCE PRIVATE LIMITED,70000000,7.0000,25,0.0611,88.8377,substring:LIMITED,data/parsed_sbi_purchase.csv,fe5f2ba9d1209486901598f7c84a668ce059ae98a8d80cd3966744053de28302
243,ASKUS LOGISTICS PVT LTD,70000000,7.0000,7,0.0611,88.8988,substring:PVT,data/parsed_sbi_purchase.csv,fe5f2ba9d1209486901598f7c84a668ce059ae98a8d80cd3966744053de28302
244,ITC LIMITED,65575000,6.5575,46,0.0572,88.9560,substring:LIMITED,data/parsed_sbi_purchase.csv,fe5f2ba9d1209486901598f7c84a668ce059ae98a8d80cd3966744053de28302
245,DERIVE TRADING AND RESORTS PRIVATE LIMIT,65000000,6.5000,20,0.0567,89.0128,substring:PRIVATE,data/parsed_sbi_purchase.csv,fe5f2ba9d1209486901598f7c84a668ce059ae98a8d80cd3966744053de28302
246,CAMELIA GRIHA NIRMAN PRIVATE LIMITED,65000000,6.5000,11,0.0567,89.0695,substring:LIMITED,data/parsed_sbi_purchase.csv,fe5f2ba9d1209486901598f7c84a668ce059ae98a8d80cd3966744053de28302
247,FORCE MOTORS LTD,63500000,6.3500,23,0.0554,89.1249,substring:LTD,data/parsed_sbi_purchase.csv,fe5f2ba9d1209486901598f7c84a668ce059ae98a8d80cd3966744053de28302
248,NANDI ENTERPRISES,61800000,6.1800,24,0.0539,89.1789,word:ENTERPRISES,data/parsed_sbi_purchase.csv,fe5f2ba9d1209486901598f7c84a668ce059ae98a8d80cd3966744053de28302
249,CEAT LTD,60000000,6.0000,6,0.0524,89.2313,substring:LTD,data/parsed_sbi_purchase.csv,fe5f2ba9d1209486901598f7c84a668ce059ae98a8d80cd3966744053de28302
250,MAHALAXMI VIDYUT PVT.LTD.,60000000,6.0000,24,0.0524,89.2836,substring:PVT,data/parsed_sbi_purchase.csv,fe5f2ba9d1209486901598f7c84a668ce059ae98a8d80cd3966744053de28302
251,SHREE CEMENT LTD,60000000,6.0000,6,0.0524,89.3360,substring:LTD,data/parsed_sbi_purchase.csv,fe5f2ba9d1209486901598f7c84a668ce059ae98a8d80cd3966744053de28302
252,BALU CEMENT CORPORATION,60000000,6.0000,15,0.0524,89.3884,word:CORPORATION,data/parsed_sbi_purchase.csv,fe5f2ba9d1209486901598f7c84a668ce059ae98a8d80cd3966744053de28302
253,EVEY TRANS PVT LTD,60000000,6.0000,6,0.0524,89.4408,substring:PVT,data/parsed_sbi_purchase.csv,fe5f2ba9d1209486901598f7c84a668ce059ae98a8d80cd3966744053de28302
254,BENGAL VIPANAPAN PRIVATE LIMITED,60000000,6.0000,6,0.0524,89.4931,substring:LIMITED,data/parsed_sbi_purchase.csv,fe5f2ba9d1209486901598f7c84a668ce059ae98a8d80cd3966744053de28302
255,GANDHAR COALS AND MINES PVT LTD,60000000,6.0000,6,0.0524,89.5455,substring:PVT,data/parsed_sbi_purchase.csv,fe5f2ba9d1209486901598f7c84a668ce059ae98a8d80cd3966744053de28302
256,ARVIND LIMITED,60000000,6.0000,6,0.0524,89.5979,substring:LIMITED,data/parsed_sbi_purchase.csv,fe5f2ba9d1209486901598f7c84a668ce059ae98a8d80cd3966744053de28302
257,PATEL ENGINEERING LTD.,60000000,6.0000,60,0.0524,89.6502,substring:LTD,data/parsed_sbi_purchase.csv,fe5f2ba9d1209486901598f7c84a668ce059ae98a8d80cd3966744053de28302
258,IDEAL ROAD BUILDERS  PVT.LTD.,60000000,6.0000,6,0.0524,89.7026,substring:PVT,data/parsed_sbi_purchase.csv,fe5f2ba9d1209486901598f7c84a668ce059ae98a8d80cd3966744053de28302
259,VIJAYKUMARMISHRACONSTRUCTIONPVT,60000000,6.0000,6,0.0524,89.7550,substring:PVT,data/parsed_sbi_purchase.csv,fe5f2ba9d1209486901598f7c84a668ce059ae98a8d80cd3966744053de28302
260,GK ENERGY MARKETERS PRIVATE LIMITED,60000000,6.0000,6,0.0524,89.8074,substring:LIMITED,data/parsed_sbi_purchase.csv,fe5f2ba9d1209486901598f7c84a668ce059ae98a8d80cd3966744053de28302
261,INDERDEEP CONSTRUCTION CO,60000000,6.0000,6,0.0524,89.8597,word:CONSTRUCTION,data/parsed_sbi_purchase.csv,fe5f2ba9d1209486901598f7c84a668ce059ae98a8d80cd3966744053de28302
262,TANUSHREE LOGISTICS PRIVATE LIMITED,56000000,5.6000,20,0.0489,89.9086,substring:LIMITED,data/parsed_sbi_purchase.csv,fe5f2ba9d1209486901598f7c84a668ce059ae98a8d80cd3966744053de28302
263,CYGNUS POWER INFRA SERVICES PRIVATE,55000000,5.5000,10,0.0480,89.9566,substring:PRIVATE,data/parsed_sbi_purchase.csv,fe5f2ba9d1209486901598f7c84a668ce059ae98a8d80cd3966744053de28302
264,RITESH PROJECTS PVT LTD,53500000,5.3500,22,0.0467,90.0033,substring:PVT,data/parsed_sbi_purchase.csv,fe5f2ba9d1209486901598f7c84a668ce059ae98a8d80cd3966744053de28302
265,CAPSTAN TRADING LLP,52500000,5.2500,12,0.0458,90.0491,substring:LLP,data/parsed_sbi_purchase.csv,fe5f2ba9d1209486901598f7c84a668ce059ae98a8d80cd3966744053de28302
266,STOCKPATHADVISORSLLP,52000000,5.2000,16,0.0454,90.0945,substring:LLP,data/parsed_sbi_purchase.csv,fe5f2ba9d1209486901598f7c84a668ce059ae98a8d80cd3966744053de28302
267,RENUKA INVESTMENTS AND FINANCE LTD,50000000,5.0000,5,0.0436,90.1382,substring:LTD,data/parsed_sbi_purchase.csv,fe5f2ba9d1209486901598f7c84a668ce059ae98a8d80cd3966744053de28302
268,RENUKESHWAR INVESTMENTS PVT LTD,50000000,5.0000,5,0.0436,90.1818,substring:PVT,data/parsed_sbi_purchase.csv,fe5f2ba9d1209486901598f7c84a668ce059ae98a8d80cd3966744053de28302
269,SHANKARANARAYANA CONSTRUCTIONS PVT,50000000,5.0000,5,0.0436,90.2255,substring:PVT,data/parsed_sbi_purchase.csv,fe5f2ba9d1209486901598f7c84a668ce059ae98a8d80cd3966744053de28302
270,KEYSTONE REALTORS PVT LTD,50000000,5.0000,50,0.0436,90.2691,substring:PVT,data/parsed_sbi_purchase.csv,fe5f2ba9d1209486901598f7c84a668ce059ae98a8d80cd3966744053de28302
271,"AISHWARYA BUSINESS CORPORATION PVT, LTD",50000000,5.0000,14,0.0436,90.3128,substring:PVT,data/parsed_sbi_purchase.csv,fe5f2ba9d1209486901598f7c84a668ce059ae98a8d80cd3966744053de28302
272,FASTWAY TRANSMISSIONS PVT LTD,50000000,5.0000,5,0.0436,90.3564,substring:PVT,data/parsed_sbi_purchase.csv,fe5f2ba9d1209486901598f7c84a668ce059ae98a8d80cd3966744053de28302
273,RADICO KHAITAN LIMITED,50000000,5.0000,5,0.0436,90.4000,substring:LIMITED,data/parsed_sbi_purchase.csv,fe5f2ba9d1209486901598f7c84a668ce059ae98a8d80cd3966744053de28302
274,STAR CEMENT MEGHALAYA LIMITED,50000000,5.0000,14,0.0436,90.4437,substring:LIMITED,data/parsed_sbi_purchase.csv,fe5f2ba9d1209486901598f7c84a668ce059ae98a8d80cd3966744053de28302
275,PHILIPS CARBON BLACK LTD,50000000,5.0000,14,0.0436,90.4873,substring:LTD,data/parsed_sbi_purchase.csv,fe5f2ba9d1209486901598f7c84a668ce059ae98a8d80cd3966744053de28302
276,SHANKARRESOURCESPVTLTD,50000000,5.0000,5,0.0436,90.5310,substring:PVT,data/parsed_sbi_purchase.csv,fe5f2ba9d1209486901598f7c84a668ce059ae98a8d80cd3966744053de28302
277,FAMY ENERGY PRIVATE LIMITED,50000000,5.0000,5,0.0436,90.5746,substring:LIMITED,data/parsed_sbi_purchase.csv,fe5f2ba9d1209486901598f7c84a668ce059ae98a8d80cd3966744053de28302
278,JMC PROJECTS  INDIA  LTD,50000000,5.0000,5,0.0436,90.6183,substring:LTD,data/parsed_sbi_purchase.csv,fe5f2ba9d1209486901598f7c84a668ce059ae98a8d80cd3966744053de28302
279,MYTRAH ENERGY(INDIA) PRIVATE LIMITED,50000000,5.0000,5,0.0436,90.6619,substring:LIMITED,data/parsed_sbi_purchase.csv,fe5f2ba9d1209486901598f7c84a668ce059ae98a8d80cd3966744053de28302
280,THAKUR PRASAD SAO & SONS PVT LT,50000000,5.0000,14,0.0436,90.7055,substring:PVT,data/parsed_sbi_purchase.csv,fe5f2ba9d1209486901598f7c84a668ce059ae98a8d80cd3966744053de28302
281,GENEXT HARDWARE   PARKS PVT. LTD,50000000,5.0000,5,0.0436,90.7492,substring:PVT,data/parsed_sbi_purchase.csv,fe5f2ba9d1209486901598f7c84a668ce059ae98a8d80cd3966744053de28302
282,ORIENTAL SOUTH DELHI HOTELS PVT LTD,50000000,5.0000,5,0.0436,90.7928,substring:PVT,data/parsed_sbi_purchase.csv,fe5f2ba9d1209486901598f7c84a668ce059ae98a8d80cd3966744053de28302
283,K AMISH KUMAR TRADING PVT LTD,50000000,5.0000,5,0.0436,90.8365,substring:PVT,data/parsed_sbi_purchase.csv,fe5f2ba9d1209486901598f7c84a668ce059ae98a8d80cd3966744053de28302
284,GENUS POWER,50000000,5.0000,5,0.0436,90.8801,word:POWER,data/parsed_sbi_purchase.csv,fe5f2ba9d1209486901598f7c84a668ce059ae98a8d80cd3966744053de28302
285,D S ENGINEERING WORKSHOP LLP,50000000,5.0000,14,0.0436,90.9238,substring:LLP,data/parsed_sbi_purchase.csv,fe5f2ba9d1209486901598f7c84a668ce059ae98a8d80cd3966744053de28302
286,GOODLUCK INDIA LTD,50000000,5.0000,5,0.0436,90.9674,substring:LTD,data/parsed_sbi_purchase.csv,fe5f2ba9d1209486901598f7c84a668ce059ae98a8d80cd3966744053de28302
287,PURULIA BOTTLING PVT LTD,50000000,5.0000,32,0.0436,91.0110,substring:PVT,data/parsed_sbi_purchase.csv,fe5f2ba9d1209486901598f7c84a668ce059ae98a8d80cd3966744053de28302
288,SALASAR STOCK BROKING LTD-PROPRIETARY,50000000,5.0000,5,0.0436,91.0547,substring:LTD,data/parsed_sbi_purchase.csv,fe5f2ba9d1209486901598f7c84a668ce059ae98a8d80cd3966744053de28302
289,CASA MARIA PROPERTIES LLP,50000000,5.0000,5,0.0436,91.0983,substring:LLP,data/parsed_sbi_purchase.csv,fe5f2ba9d1209486901598f7c84a668ce059ae98a8d80cd3966744053de28302
290,ROSHNI DEALMARK PRIVATE LTD,50000000,5.0000,5,0.0436,91.1420,substring:PRIVATE,data/parsed_sbi_purchase.csv,fe5f2ba9d1209486901598f7c84a668ce059ae98a8d80cd3966744053de28302
291,LALITPUR POWER GENERATION COMPANY LIMITED,50000000,5.0000,5,0.0436,91.1856,substring:LIMITED,data/parsed_sbi_purchase.csv,fe5f2ba9d1209486901598f7c84a668ce059ae98a8d80cd3966744053de28302
292,BLUEBERRY TRADING COMPANY PRIVATE L,50000000,5.0000,5,0.0436,91.2293,substring:PRIVATE,data/parsed_sbi_purchase.csv,fe5f2ba9d1209486901598f7c84a668ce059ae98a8d80cd3966744053de28302
293,HEENA STEEL LLP,50000000,5.0000,14,0.0436,91.2729,substring:LLP,data/parsed_sbi_purchase.csv,fe5f2ba9d1209486901598f7c84a668ce059ae98a8d80cd3966744053de28302
294,HINDUSTAN TEXTILES,50000000,5.0000,5,0.0436,91.3166,word:TEXTILES,data/parsed_sbi_purchase.csv,fe5f2ba9d1209486901598f7c84a668ce059ae98a8d80cd3966744053de28302
295,RAJAPUSHPA ASSET MANAGEMENT LLP,50000000,5.0000,5,0.0436,91.3602,substring:LLP,data/parsed_sbi_purchase.csv,fe5f2ba9d1209486901598f7c84a668ce059ae98a8d80cd3966744053de28302
296,AXIS CLINICALS LIMITED,50000000,5.0000,5,0.0436,91.4038,substring:LIMITED,data/parsed_sbi_purchase.csv,fe5f2ba9d1209486901598f7c84a668ce059ae98a8d80cd3966744053de28302
297,BRICKS INFRATECH LLP,50000000,5.0000,5,0.0436,91.4475,substring:LLP,data/parsed_sbi_purchase.csv,fe5f2ba9d1209486901598f7c84a668ce059ae98a8d80cd3966744053de28302
298,TRIDENTCHEMPHARLIMITED,50000000,5.0000,5,0.0436,91.4911,substring:LIMITED,data/parsed_sbi_purchase.csv,fe5f2ba9d1209486901598f7c84a668ce059ae98a8d80cd3966744053de28302
299,FERTILELAND FOODS PRIVATE LIMITED,50000000,5.0000,5,0.0436,91.5348,substring:LIMITED,data/parsed_sbi_purchase.csv,fe5f2ba9d1209486901598f7c84a668ce059ae98a8d80cd3966744053de28302
300,ASIAN TRADING CORPORATION LIMITED,50000000,5.0000,5,0.0436,91.5784,substring:LIMITED,data/parsed_sbi_purchase.csv,fe5f2ba9d1209486901598f7c84a668ce059ae98a8d80cd3966744053de28302
301,SWAMI FUELS PRIVATE LIMITED,50000000,5.0000,5,0.0436,91.6221,substring:LIMITED,data/parsed_sbi_purchase.csv,fe5f2ba9d1209486901598f7c84a668ce059ae98a8d80cd3966744053de28302
302,J K CEMENT LTD.,50000000,5.0000,50,0.0436,91.6657,substring:LTD,data/parsed_sbi_purchase.csv,fe5f2ba9d1209486901598f7c84a668ce059ae98a8d80cd3966744053de28302
303,ARIZONAGLOBALSERVICESPVTLTDBR,50000000,5.0000,5,0.0436,91.7093,substring:PVT,data/parsed_sbi_purchase.csv,fe5f2ba9d1209486901598f7c84a668ce059ae98a8d80cd3966744053de28302
304,MNMEDIAVENTURESPVTL108,50000000,5.0000,5,0.0436,91.7530,substring:PVT,data/parsed_sbi_purchase.csv,fe5f2ba9d1209486901598f7c84a668ce059ae98a8d80cd3966744053de28302
305,DCM SHRIRAM LTD,50000000,5.0000,5,0.0436,91.7966,substring:LTD,data/parsed_sbi_purchase.csv,fe5f2ba9d1209486901598f7c84a668ce059ae98a8d80cd3966744053de28302
306,EVERSHINE INTERIORS CHENNAI PVT LTD,50000000,5.0000,5,0.0436,91.8403,substring:PVT,data/parsed_sbi_purchase.csv,fe5f2ba9d1209486901598f7c84a668ce059ae98a8d80cd3966744053de28302
307,MANU VYAPAR (P) LTD.,50000000,5.0000,5,0.0436,91.8839,substring:LTD,data/parsed_sbi_purchase.csv,fe5f2ba9d1209486901598f7c84a668ce059ae98a8d80cd3966744053de28302
308,MOHIT MINERALS  LTD,50000000,5.0000,5,0.0436,91.9276,substring:LTD,data/parsed_sbi_purchase.csv,fe5f2ba9d1209486901598f7c84a668ce059ae98a8d80cd3966744053de28302
309,FUTURISTIC HANDLING SERVICES PVT LTD,50000000,5.0000,5,0.0436,91.9712,substring:PVT,data/parsed_sbi_purchase.csv,fe5f2ba9d1209486901598f7c84a668ce059ae98a8d80cd3966744053de28302
310,GREENKO MP01 IREP PRIVATE LIMITED,50000000,5.0000,5,0.0436,92.0149,substring:LIMITED,data/parsed_sbi_purchase.csv,fe5f2ba9d1209486901598f7c84a668ce059ae98a8d80cd3966744053de28302
311,ILABS HYD TECHNOLOGY CENTRE PVT LTD,50000000,5.0000,5,0.0436,92.0585,substring:PVT,data/parsed_sbi_purchase.csv,fe5f2ba9d1209486901598f7c84a668ce059ae98a8d80cd3966744053de28302
312,KCR ENTERPRISE LLP,50000000,5.0000,5,0.0436,92.1021,substring:LLP,data/parsed_sbi_purchase.csv,fe5f2ba9d1209486901598f7c84a668ce059ae98a8d80cd3966744053de28302
313,NSL RENEWABLE POWER PRIVATE LIMITED,50000000,5.0000,5,0.0436,92.1458,substring:LIMITED,data/parsed_sbi_purchase.csv,fe5f2ba9d1209486901598f7c84a668ce059ae98a8d80cd3966744053de28302
314,AUGMONT ENTERPRISES PRIVATE LIMITED,50000000,5.0000,5,0.0436,92.1894,substring:LIMITED,data/parsed_sbi_purchase.csv,fe5f2ba9d1209486901598f7c84a668ce059ae98a8d80cd3966744053de28302
315,GREENKO ANANTAPUR WIND POWER PRIVATE LIMITED,50000000,5.0000,5,0.0436,92.2331,substring:LIMITED,data/parsed_sbi_purchase.csv,fe5f2ba9d1209486901598f7c84a668ce059ae98a8d80cd3966744053de28302
316,PRESTIGE ESTATES PROJECTS LTD PREST,50000000,5.0000,5,0.0436,92.2767,substring:LTD,data/parsed_sbi_purchase.csv,fe5f2ba9d1209486901598f7c84a668ce059ae98a8d80cd3966744053de28302
317,SKEIRON RENEWABLE ENERGY AMIDYALA PRIVATE LIMITED,50000000,5.0000,5,0.0436,92.3204,substring:LIMITED,data/parsed_sbi_purchase.csv,fe5f2ba9d1209486901598f7c84a668ce059ae98a8d80cd3966744053de28302
318,VILLAGE DE NANDI PVT LTD RERA DESIG,50000000,5.0000,50,0.0436,92.3640,substring:PVT,data/parsed_sbi_purchase.csv,fe5f2ba9d1209486901598f7c84a668ce059ae98a8d80cd3966744053de28302
319,D S ENGINEERING WORKS LLP,50000000,5.0000,5,0.0436,92.4076,substring:LLP,data/parsed_sbi_purchase.csv,fe5f2ba9d1209486901598f7c84a668ce059ae98a8d80cd3966744053de28302
320,HONOUR LAB LIMITED,50000000,5.0000,5,0.0436,92.4513,substring:LIMITED,data/parsed_sbi_purchase.csv,fe5f2ba9d1209486901598f7c84a668ce059ae98a8d80cd3966744053de28302
321,N A R INFRA PRIVATE LIMITED,50000000,5.0000,5,0.0436,92.4949,substring:LIMITED,data/parsed_sbi_purchase.csv,fe5f2ba9d1209486901598f7c84a668ce059ae98a8d80cd3966744053de28302
322,NSL SEZ HYDERABAD PRIVATE LIMITED,50000000,5.0000,5,0.0436,92.5386,substring:LIMITED,data/parsed_sbi_purchase.csv,fe5f2ba9d1209486901598f7c84a668ce059ae98a8d80cd3966744053de28302
323,GAJA ENGINEERING PVT LTD,50000000,5.0000,5,0.0436,92.5822,substring:PVT,data/parsed_sbi_purchase.csv,fe5f2ba9d1209486901598f7c84a668ce059ae98a8d80cd3966744053de28302
324,MB POWER (MADHYA PRADESH) LTD,50000000,5.0000,5,0.0436,92.6259,substring:LTD,data/parsed_sbi_purchase.csv,fe5f2ba9d1209486901598f7c84a668ce059ae98a8d80cd3966744053de28302
325,ASHOKA  MUDHOL NIPANI ROADS LIMITED,50000000,5.0000,5,0.0436,92.6695,substring:LIMITED,data/parsed_sbi_purchase.csv,fe5f2ba9d1209486901598f7c84a668ce059ae98a8d80cd3966744053de28302
326,VIVA HIGHWAYS  LTD,50000000,5.0000,5,0.0436,92.7132,substring:LTD,data/parsed_sbi_purchase.csv,fe5f2ba9d1209486901598f7c84a668ce059ae98a8d80cd3966744053de28302
327,BIOLOGICAL E LIMITED,50000000,5.0000,5,0.0436,92.7568,substring:LIMITED,data/parsed_sbi_purchase.csv,fe5f2ba9d1209486901598f7c84a668ce059ae98a8d80cd3966744053de28302
328,HINDYS LAB PVT. LTD. (PREVIOUSLY HIND LI FE SCIENCES PVT LTD),50000000,5.0000,5,0.0436,92.8004,substring:PVT,data/parsed_sbi_purchase.csv,fe5f2ba9d1209486901598f7c84a668ce059ae98a8d80cd3966744053de28302
329,VASAVI  AVENUES LLP,50000000,5.0000,5,0.0436,92.8441,substring:LLP,data/parsed_sbi_purchase.csv,fe5f2ba9d1209486901598f7c84a668ce059ae98a8d80cd3966744053de28302
330,INTERGLOBE AVIATION LIMITED,50000000,5.0000,5,0.0436,92.8877,substring:LIMITED,data/parsed_sbi_purchase.csv,fe5f2ba9d1209486901598f7c84a668ce059ae98a8d80cd3966744053de28302
331,TRIDENT LIMITED,50000000,5.0000,5,0.0436,92.9314,substring:LIMITED,data/parsed_sbi_purchase.csv,fe5f2ba9d1209486901598f7c84a668ce059ae98a8d80cd3966744053de28302
332,BAIN GLOBAL RESOURCES LLP,50000000,5.0000,5,0.0436,92.9750,substring:LLP,data/parsed_sbi_purchase.csv,fe5f2ba9d1209486901598f7c84a668ce059ae98a8d80cd3966744053de28302
333,AKSHAT GREENTECH PRIVATE LIMITED,50000000,5.0000,5,0.0436,93.0187,substring:LIMITED,data/parsed_sbi_purchase.csv,fe5f2ba9d1209486901598f7c84a668ce059ae98a8d80cd3966744053de28302
334,DASAMI LAB PRIVATE LIMITED (FORMERLY HEL IUS LAB PVT LTD),50000000,5.0000,5,0.0436,93.0623,substring:LIMITED,data/parsed_sbi_purchase.csv,fe5f2ba9d1209486901598f7c84a668ce059ae98a8d80cd3966744053de28302
335,HETERO BIOPHARMA LIMITED,50000000,5.0000,5,0.0436,93.1059,substring:LIMITED,data/parsed_sbi_purchase.csv,fe5f2ba9d1209486901598f7c84a668ce059ae98a8d80cd3966744053de28302
336,SELMAR LAB  PRIVATE LIMITED,50000000,5.0000,5,0.0436,93.1496,substring:LIMITED,data/parsed_sbi_purchase.csv,fe5f2ba9d1209486901598f7c84a668ce059ae98a8d80cd3966744053de28302
337,YUVAN TRADING   CONSULTANCY LLP,50000000,5.0000,5,0.0436,93.1932,substring:LLP,data/parsed_sbi_purchase.csv,fe5f2ba9d1209486901598f7c84a668ce059ae98a8d80cd3966744053de28302
338,J K CEMENT LIMITED,50000000,5.0000,5,0.0436,93.2369,substring:LIMITED,data/parsed_sbi_purchase.csv,fe5f2ba9d1209486901598f7c84a668ce059ae98a8d80cd3966744053de28302
339,THRIVENI EARTHMOVERS PVT LTD,50000000,5.0000,5,0.0436,93.2805,substring:PVT,data/parsed_sbi_purchase.csv,fe5f2ba9d1209486901598f7c84a668ce059ae98a8d80cd3966744053de28302
340,SARDA ENERGY AND MINERALS LTD,50000000,5.0000,5,0.0436,93.3242,substring:LTD,data/parsed_sbi_purchase.csv,fe5f2ba9d1209486901598f7c84a668ce059ae98a8d80cd3966744053de28302
341,DCM SHRIRAM LIMITED,50000000,5.0000,5,0.0436,93.3678,substring:LIMITED,data/parsed_sbi_purchase.csv,fe5f2ba9d1209486901598f7c84a668ce059ae98a8d80cd3966744053de28302
342,WELSPUN LIVING LIMITED,50000000,5.0000,5,0.0436,93.4114,substring:LIMITED,data/parsed_sbi_purchase.csv,fe5f2ba9d1209486901598f7c84a668ce059ae98a8d80cd3966744053de28302
343,CHIRON BEHRING VACCINES PVT LTD,50000000,5.0000,5,0.0436,93.4551,substring:PVT,data/parsed_sbi_purchase.csv,fe5f2ba9d1209486901598f7c84a668ce059ae98a8d80cd3966744053de28302
344,BIOVET PVT LTD,50000000,5.0000,5,0.0436,93.4987,substring:PVT,data/parsed_sbi_purchase.csv,fe5f2ba9d1209486901598f7c84a668ce059ae98a8d80cd3966744053de28302
345,RCC NUTRA FILL PRIVATE LIMITED,50000000,5.0000,5,0.0436,93.5424,substring:LIMITED,data/parsed_sbi_purchase.csv,fe5f2ba9d1209486901598f7c84a668ce059ae98a8d80cd3966744053de28302
346,VEDIKA VANIJYA PVT LTD-SELF A/C,50000000,5.0000,5,0.0436,93.5860,substring:PVT,data/parsed_sbi_purchase.csv,fe5f2ba9d1209486901598f7c84a668ce059ae98a8d80cd3966744053de28302
347,OMKAR REALTORS PROJECTS PVT LTD,45000000,4.5000,9,0.0393,93.6253,substring:PVT,data/parsed_sbi_purchase.csv,fe5f2ba9d1209486901598f7c84a668ce059ae98a8d80cd3966744053de28302
348,UM CABLES LIMITED,45000000,4.5000,45,0.0393,93.6646,substring:LIMITED,data/parsed_sbi_purchase.csv,fe5f2ba9d1209486901598f7c84a668ce059ae98a8d80cd3966744053de28302
349,LOTUS TEXPARK LIMITED FORMERLY LOTUS INT EGRATED TEXPARK LTD,45000000,4.5000,9,0.0393,93.7039,substring:LIMITED,data/parsed_sbi_purchase.csv,fe5f2ba9d1209486901598f7c84a668ce059ae98a8d80cd3966744053de28302
350,ANBEE CONSTRUCTIONS LLP,45000000,4.5000,9,0.0393,93.7431,substring:LLP,data/parsed_sbi_purchase.csv,fe5f2ba9d1209486901598f7c84a668ce059ae98a8d80cd3966744053de28302
351,CAPE TRADING LLP,45000000,4.5000,9,0.0393,93.7824,substring:LLP,data/parsed_sbi_purchase.csv,fe5f2ba9d1209486901598f7c84a668ce059ae98a8d80cd3966744053de28302
352,LAURELSECURITIESPVTLTD,45000000,4.5000,9,0.0393,93.8217,substring:PVT,data/parsed_sbi_purchase.csv,fe5f2ba9d1209486901598f7c84a668ce059ae98a8d80cd3966744053de28302
353,RAGHUKOOL ESTATE DEVELOPMENT LLP,45000000,4.5000,9,0.0393,93.8610,substring:LLP,data/parsed_sbi_purchase.csv,fe5f2ba9d1209486901598f7c84a668ce059ae98a8d80cd3966744053de28302
354,ARROW PROJECTS PVT LTD,45000000,4.5000,36,0.0393,93.9003,substring:PVT,data/parsed_sbi_purchase.csv,fe5f2ba9d1209486901598f7c84a668ce059ae98a8d80cd3966744053de28302
355,ASIAN AGRI GENETICS LIMITED,45000000,4.5000,9,0.0393,93.9395,substring:LIMITED,data/parsed_sbi_purchase.csv,fe5f2ba9d1209486901598f7c84a668ce059ae98a8d80cd3966744053de28302
356,ASHOKA HUNGUND TALIKOT ROAD LTD,45000000,4.5000,9,0.0393,93.9788,substring:LTD,data/parsed_sbi_purchase.csv,fe5f2ba9d1209486901598f7c84a668ce059ae98a8d80cd3966744053de28302
357,V M SALGAOCAR CORPORATION PVT LTD,41500000,4.1500,163,0.0362,94.0150,substring:PVT,data/parsed_sbi_purchase.csv,fe5f2ba9d1209486901598f7c84a668ce059ae98a8d80cd3966744053de28302
358,MSPL LTD,40000000,4.0000,4,0.0349,94.0500,substring:LTD,data/parsed_sbi_purchase.csv,fe5f2ba9d1209486901598f7c84a668ce059ae98a8d80cd3966744053de28302
359,OMKAR VENTURES PVT LTD,40000000,4.0000,4,0.0349,94.0849,substring:PVT,data/parsed_sbi_purchase.csv,fe5f2ba9d1209486901598f7c84a668ce059ae98a8d80cd3966744053de28302
360,INOX AIR PRODUCTS LTD,40000000,4.0000,4,0.0349,94.1198,substring:LTD,data/parsed_sbi_purchase.csv,fe5f2ba9d1209486901598f7c84a668ce059ae98a8d80cd3966744053de28302
361,OM CREDIT PVT LTD,40000000,4.0000,4,0.0349,94.1547,substring:PVT,data/parsed_sbi_purchase.csv,fe5f2ba9d1209486901598f7c84a668ce059ae98a8d80cd3966744053de28302
362,TAQUITO LEASE OPERATORS PVT. LTD,40000000,4.0000,4,0.0349,94.1896,substring:PVT,data/parsed_sbi_purchase.csv,fe5f2ba9d1209486901598f7c84a668ce059ae98a8d80cd3966744053de28302
363,KEJRIWAL MIINIING PRIVATE LIMITED,40000000,4.0000,13,0.0349,94.2245,substring:LIMITED,data/parsed_sbi_purchase.csv,fe5f2ba9d1209486901598f7c84a668ce059ae98a8d80cd3966744053de28302
364,ARDENT STEEL LIMITED,40000000,4.0000,4,0.0349,94.2594,substring:LIMITED,data/parsed_sbi_purchase.csv,fe5f2ba9d1209486901598f7c84a668ce059ae98a8d80cd3966744053de28302
365,THE INDIA CEMENTS LTD,40000000,4.0000,4,0.0349,94.2944,substring:LTD,data/parsed_sbi_purchase.csv,fe5f2ba9d1209486901598f7c84a668ce059ae98a8d80cd3966744053de28302
366,BESSEGGEN INFOTECH LLP,40000000,4.0000,13,0.0349,94.3293,substring:LLP,data/parsed_sbi_purchase.csv,fe5f2ba9d1209486901598f7c84a668ce059ae98a8d80cd3966744053de28302
367,PRB SECURITIES PVT LTD,40000000,4.0000,13,0.0349,94.3642,substring:PVT,data/parsed_sbi_purchase.csv,fe5f2ba9d1209486901598f7c84a668ce059ae98a8d80cd3966744053de28302
368,KVR BASELINE RESOURCES PRIVATE LIMI,40000000,4.0000,4,0.0349,94.3991,substring:PRIVATE,data/parsed_sbi_purchase.csv,fe5f2ba9d1209486901598f7c84a668ce059ae98a8d80cd3966744053de28302
369,BALU IRON & STEEL COMPANY,40000000,4.0000,4,0.0349,94.4340,word:COMPANY,data/parsed_sbi_purchase.csv,fe5f2ba9d1209486901598f7c84a668ce059ae98a8d80cd3966744053de28302
370,INFRASTRUCTURE LOGISTICS PVT LTD,40000000,4.0000,4,0.0349,94.4689,substring:PVT,data/parsed_sbi_purchase.csv,fe5f2ba9d1209486901598f7c84a668ce059ae98a8d80cd3966744053de28302
371,TANOT WIND POWER VENTURES PVT LTD,40000000,4.0000,4,0.0349,94.5038,substring:PVT,data/parsed_sbi_purchase.csv,fe5f2ba9d1209486901598f7c84a668ce059ae98a8d80cd3966744053de28302
372,DR REDDYS LABORATORIES LIMITED,40000000,4.0000,4,0.0349,94.5388,substring:LIMITED,data/parsed_sbi_purchase.csv,fe5f2ba9d1209486901598f7c84a668ce059ae98a8d80cd3966744053de28302
373,ACHINTYA SOLAR POWER PRIVATE LIMITED,40000000,4.0000,4,0.0349,94.5737,substring:LIMITED,data/parsed_sbi_purchase.csv,fe5f2ba9d1209486901598f7c84a668ce059ae98a8d80cd3966744053de28302
374,AJANTA PHARMA LTD,40000000,4.0000,4,0.0349,94.6086,substring:LTD,data/parsed_sbi_purchase.csv,fe5f2ba9d1209486901598f7c84a668ce059ae98a8d80cd3966744053de28302
375,ARVINDINFRACONLLP,40000000,4.0000,4,0.0349,94.6435,substring:LLP,data/parsed_sbi_purchase.csv,fe5f2ba9d1209486901598f7c84a668ce059ae98a8d80cd3966744053de28302
376,HANSVAHINI AUTO INTERIOR PVT LTD,40000000,4.0000,4,0.0349,94.6784,substring:PVT,data/parsed_sbi_purchase.csv,fe5f2ba9d1209486901598f7c84a668ce059ae98a8d80cd3966744053de28302
377,VERTEX VEGA DEVELOPERS LLP,40000000,4.0000,4,0.0349,94.7133,substring:LLP,data/parsed_sbi_purchase.csv,fe5f2ba9d1209486901598f7c84a668ce059ae98a8d80cd3966744053de28302
378,EAGLE INFRA INDIA LTD,40000000,4.0000,4,0.0349,94.7483,substring:LTD,data/parsed_sbi_purchase.csv,fe5f2ba9d1209486901598f7c84a668ce059ae98a8d80cd3966744053de28302
379,ASHOKA BAGEWADI SAUNDATTI ROAD LIMITED,40000000,4.0000,4,0.0349,94.7832,substring:LIMITED,data/parsed_sbi_purchase.csv,fe5f2ba9d1209486901598f7c84a668ce059ae98a8d80cd3966744053de28302
380,VARDHMAN TEXTILES LIMITED,40000000,4.0000,13,0.0349,94.8181,substring:LIMITED,data/parsed_sbi_purchase.csv,fe5f2ba9d1209486901598f7c84a668ce059ae98a8d80cd3966744053de28302
381,JAI GANESH ISPAT AND FERRO ALLOYS PVT LTD,40000000,4.0000,4,0.0349,94.8530,substring:PVT,data/parsed_sbi_purchase.csv,fe5f2ba9d1209486901598f7c84a668ce059ae98a8d80cd3966744053de28302
382,INDIA GLYCOLS LTD,39900000,3.9900,21,0.0348,94.8878,substring:LTD,data/parsed_sbi_purchase.csv,fe5f2ba9d1209486901598f7c84a668ce059ae98a8d80cd3966744053de28302
383,M S  VARAS INTERNATIONAL PVT LTD,38000000,3.8000,38,0.0332,94.9210,substring:PVT,data/parsed_sbi_purchase.csv,fe5f2ba9d1209486901598f7c84a668ce059ae98a8d80cd3966744053de28302
384,JINDAL POLY FILMS LIMITED,35000000,3.5000,8,0.0306,94.9515,substring:LIMITED,data/parsed_sbi_purchase.csv,fe5f2ba9d1209486901598f7c84a668ce059ae98a8d80cd3966744053de28302
385,KAL RADIO LIMITED,35000000,3.5000,8,0.0306,94.9821,substring:LIMITED,data/parsed_sbi_purchase.csv,fe5f2ba9d1209486901598f7c84a668ce059ae98a8d80cd3966744053de28302
386,SOUTH ASIA FM LIMITED,35000000,3.5000,8,0.0306,95.0126,substring:LIMITED,data/parsed_sbi_purchase.csv,fe5f2ba9d1209486901598f7c84a668ce059ae98a8d80cd3966744053de28302
387,M/S. K.D. LIQUOR  FERTILIZER PRIVATE L,35000000,3.5000,8,0.0306,95.0432,substring:PRIVATE,data/parsed_sbi_purchase.csv,fe5f2ba9d1209486901598f7c84a668ce059ae98a8d80cd3966744053de28302
388,KAMAL TRADING CORPORATION,35000000,3.5000,35,0.0306,95.0737,word:CORPORATION,data/parsed_sbi_purchase.csv,fe5f2ba9d1209486901598f7c84a668ce059ae98a8d80cd3966744053de28302
389,RANJIT TOLL ROAD PRIVATE LIMITED,35000000,3.5000,8,0.0306,95.1043,substring:LIMITED,data/parsed_sbi_purchase.csv,fe5f2ba9d1209486901598f7c84a668ce059ae98a8d80cd3966744053de28302
390,PRAGATI ENTERPRISES,35000000,3.5000,8,0.0306,95.1348,word:ENTERPRISES,data/parsed_sbi_purchase.csv,fe5f2ba9d1209486901598f7c84a668ce059ae98a8d80cd3966744053de28302
391,TSHARKS INFRA DEVELOPERS PRIVATE LI,35000000,3.5000,8,0.0306,95.1654,substring:PRIVATE,data/parsed_sbi_purchase.csv,fe5f2ba9d1209486901598f7c84a668ce059ae98a8d80cd3966744053de28302
392,PALM SHELTER ESTATE DEVELOPMENT LLP,32500000,3.2500,10,0.0284,95.1938,substring:LLP,data/parsed_sbi_purchase.csv,fe5f2ba9d1209486901598f7c84a668ce059ae98a8d80cd3966744053de28302
393,CHHATTISGARH DISTILLERIES LIMITED,30000000,3.0000,3,0.0262,95.2200,substring:LIMITED,data/parsed_sbi_purchase.csv,fe5f2ba9d1209486901598f7c84a668ce059ae98a8d80cd3966744053de28302
394,MUTHOOT FINANCE LTD,30000000,3.0000,30,0.0262,95.2461,substring:LTD,data/parsed_sbi_purchase.csv,fe5f2ba9d1209486901598f7c84a668ce059ae98a8d80cd3966744053de28302
395,ST PATRICKS REALTY PVT LTD,30000000,3.0000,3,0.0262,95.2723,substring:PVT,data/parsed_sbi_purchase.csv,fe5f2ba9d1209486901598f7c84a668ce059ae98a8d80cd3966744053de28302
396,APOLLO TYRES LIMITED,30000000,3.0000,3,0.0262,95.2985,substring:LIMITED,data/parsed_sbi_purchase.csv,fe5f2ba9d1209486901598f7c84a668ce059ae98a8d80cd3966744053de28302
397,SPPL PROPERTY MANAGEMENT PVT LTD,30000000,3.0000,3,0.0262,95.3247,substring:PVT,data/parsed_sbi_purchase.csv,fe5f2ba9d1209486901598f7c84a668ce059ae98a8d80cd3966744053de28302
398,ZENSAR TECHNOLOGIES LTD,30000000,3.0000,3,0.0262,95.3509,substring:LTD,data/parsed_sbi_purchase.csv,fe5f2ba9d1209486901598f7c84a668ce059ae98a8d80cd3966744053de28302
399,SMR AUTOMOTIVE SYSTEMS INDIA LTD,30000000,3.0000,3,0.0262,95.3771,substring:LTD,data/parsed_sbi_purchase.csv,fe5f2ba9d1209486901598f7c84a668ce059ae98a8d80cd3966744053de28302
400,ALLANASONS PRIVATE L,30000000,3.0000,3,0.0262,95.4033,substring:PRIVATE,data/parsed_sbi_purchase.csv,fe5f2ba9d1209486901598f7c84a668ce059ae98a8d80cd3966744053de28302
401,GENUS POWER INFRASTRUCTURES LTD,30000000,3.0000,3,0.0262,95.4294,substring:LTD,data/parsed_sbi_purchase.csv,fe5f2ba9d1209486901598f7c84a668ce059ae98a8d80cd3966744053de28302
402,SHYAM STEEL MANUFACTURING LTD. (FLY SOVA  ISPAT LTD.),30000000,3.0000,30,0.0262,95.4556,substring:LTD,data/parsed_sbi_purchase.csv,fe5f2ba9d1209486901598f7c84a668ce059ae98a8d80cd3966744053de28302
403,SUN DISTRIBUTION SERVICES PVT LTD,30000000,3.0000,3,0.0262,95.4818,substring:PVT,data/parsed_sbi_purchase.csv,fe5f2ba9d1209486901598f7c84a668ce059ae98a8d80cd3966744053de28302
404,D R INTERNATIONAL PRIVATE LIMITED,30000000,3.0000,3,0.0262,95.5080,substring:LIMITED,data/parsed_sbi_purchase.csv,fe5f2ba9d1209486901598f7c84a668ce059ae98a8d80cd3966744053de28302
405,D R POLYMERS PVT LTD,30000000,3.0000,3,0.0262,95.5342,substring:PVT,data/parsed_sbi_purchase.csv,fe5f2ba9d1209486901598f7c84a668ce059ae98a8d80cd3966744053de28302
406,THRIVENI EARTH MOVERS PVT LTD,30000000,3.0000,3,0.0262,95.5604,substring:PVT,data/parsed_sbi_purchase.csv,fe5f2ba9d1209486901598f7c84a668ce059ae98a8d80cd3966744053de28302
407,RIGHT AID CONSULTANTS PVT LTD,30000000,3.0000,12,0.0262,95.5866,substring:PVT,data/parsed_sbi_purchase.csv,fe5f2ba9d1209486901598f7c84a668ce059ae98a8d80cd3966744053de28302
408,AUROBINDO PHARMA LTD,30000000,3.0000,12,0.0262,95.6127,substring:LTD,data/parsed_sbi_purchase.csv,fe5f2ba9d1209486901598f7c84a668ce059ae98a8d80cd3966744053de28302
409,LOUISIANA INVESTMENT   FINANCE PVT,30000000,3.0000,3,0.0262,95.6389,substring:PVT,data/parsed_sbi_purchase.csv,fe5f2ba9d1209486901598f7c84a668ce059ae98a8d80cd3966744053de28302
410,PENGUIN TRADING AND AGENCIES LTD,30000000,3.0000,3,0.0262,95.6651,substring:LTD,data/parsed_sbi_purchase.csv,fe5f2ba9d1209486901598f7c84a668ce059ae98a8d80cd3966744053de28302
411,KRISHNA SHEET PROCESSORS PVT LTD,30000000,3.0000,12,0.0262,95.6913,substring:PVT,data/parsed_sbi_purchase.csv,fe5f2ba9d1209486901598f7c84a668ce059ae98a8d80cd3966744053de28302
412,NETINCON MARKETING PVT LTD,30000000,3.0000,3,0.0262,95.7175,substring:PVT,data/parsed_sbi_purchase.csv,fe5f2ba9d1209486901598f7c84a668ce059ae98a8d80cd3966744053de28302
413,AVEES TRADING AND FINANCE PVT LTD,30000000,3.0000,3,0.0262,95.7437,substring:PVT,data/parsed_sbi_purchase.csv,fe5f2ba9d1209486901598f7c84a668ce059ae98a8d80cd3966744053de28302
414,RIPLEY AND CO. STEVEDORING & HANDLING PVT LTD,30000000,3.0000,3,0.0262,95.7699,substring:PVT,data/parsed_sbi_purchase.csv,fe5f2ba9d1209486901598f7c84a668ce059ae98a8d80cd3966744053de28302
415,GREENKO BUDHIL HYDRO POWER PVT LTD,30000000,3.0000,3,0.0262,95.7961,substring:PVT,data/parsed_sbi_purchase.csv,fe5f2ba9d1209486901598f7c84a668ce059ae98a8d80cd3966744053de28302
416,GREENKO RAYALA WIND POWER PVT LTD,30000000,3.0000,3,0.0262,95.8222,substring:PVT,data/parsed_sbi_purchase.csv,fe5f2ba9d1209486901598f7c84a668ce059ae98a8d80cd3966744053de28302
417,TRANSWAYS EXIM PVT LTD,30000000,3.0000,30,0.0262,95.8484,substring:PVT,data/parsed_sbi_purchase.csv,fe5f2ba9d1209486901598f7c84a668ce059ae98a8d80cd3966744053de28302
418,ARVINDBEAUTYBRANDSRETAILPVTLTD,30000000,3.0000,3,0.0262,95.8746,substring:PVT,data/parsed_sbi_purchase.csv,fe5f2ba9d1209486901598f7c84a668ce059ae98a8d80cd3966744053de28302
419,ARAVALI TECHNICAL SERVICES PVT LTD,30000000,3.0000,3,0.0262,95.9008,substring:PVT,data/parsed_sbi_purchase.csv,fe5f2ba9d1209486901598f7c84a668ce059ae98a8d80cd3966744053de28302
420,ARVIND  LIMITED,30000000,3.0000,3,0.0262,95.9270,substring:LIMITED,data/parsed_sbi_purchase.csv,fe5f2ba9d1209486901598f7c84a668ce059ae98a8d80cd3966744053de28302
421,PIRAMAL PHARMA LIMITED,30000000,3.0000,3,0.0262,95.9532,substring:LIMITED,data/parsed_sbi_purchase.csv,fe5f2ba9d1209486901598f7c84a668ce059ae98a8d80cd3966744053de28302
422,RAJDHANI DEALERS PRIVATE LIMITED,30000000,3.0000,3,0.0262,95.9794,substring:LIMITED,data/parsed_sbi_purchase.csv,fe5f2ba9d1209486901598f7c84a668ce059ae98a8d80cd3966744053de28302
423,MARAL OVERSEAS LTD.,30000000,3.0000,3,0.0262,96.0055,substring:LTD,data/parsed_sbi_purchase.csv,fe5f2ba9d1209486901598f7c84a668ce059ae98a8d80cd3966744053de28302
424,GORJA STEEL PROCESSORS,30000000,3.0000,3,0.0262,96.0317,word:STEEL,data/parsed_sbi_purchase.csv,fe5f2ba9d1209486901598f7c84a668ce059ae98a8d80cd3966744053de28302
425,RSLH AUTO SEAT TRIMS PVT LTD,30000000,3.0000,3,0.0262,96.0579,substring:PVT,data/parsed_sbi_purchase.csv,fe5f2ba9d1209486901598f7c84a668ce059ae98a8d80cd3966744053de28302
426,AXIS WIND FARMS (MPR DAM) PRIVATE L,30000000,3.0000,3,0.0262,96.0841,substring:PRIVATE,data/parsed_sbi_purchase.csv,fe5f2ba9d1209486901598f7c84a668ce059ae98a8d80cd3966744053de28302
427,GREENKO URAVAKONDA WIND POWER PRIVA,30000000,3.0000,3,0.0262,96.1103,word:POWER,data/parsed_sbi_purchase.csv,fe5f2ba9d1209486901598f7c84a668ce059ae98a8d80cd3966744053de28302
428,SOHINI DEVELOPERS LLP,30000000,3.0000,3,0.0262,96.1365,substring:LLP,data/parsed_sbi_purchase.csv,fe5f2ba9d1209486901598f7c84a668ce059ae98a8d80cd3966744053de28302
429,VAMSIRAM BUILDERS LLP,30000000,3.0000,3,0.0262,96.1627,substring:LLP,data/parsed_sbi_purchase.csv,fe5f2ba9d1209486901598f7c84a668ce059ae98a8d80cd3966744053de28302
430,VAMSIRAM DEVELOPERS LLP,30000000,3.0000,3,0.0262,96.1888,substring:LLP,data/parsed_sbi_purchase.csv,fe5f2ba9d1209486901598f7c84a668ce059ae98a8d80cd3966744053de28302
431,SIGMA ADVANCED SYSTEMS PRIVATE LIMI,30000000,3.0000,3,0.0262,96.2150,substring:PRIVATE,data/parsed_sbi_purchase.csv,fe5f2ba9d1209486901598f7c84a668ce059ae98a8d80cd3966744053de28302
432,RPSG VENTURES LIMITED,30000000,3.0000,3,0.0262,96.2412,substring:LIMITED,data/parsed_sbi_purchase.csv,fe5f2ba9d1209486901598f7c84a668ce059ae98a8d80cd3966744053de28302
433,NUVOCO VISTAS CORP. LTD,30000000,3.0000,3,0.0262,96.2674,substring:LTD,data/parsed_sbi_purchase.csv,fe5f2ba9d1209486901598f7c84a668ce059ae98a8d80cd3966744053de28302
434,THRIVENI SAINIK MINING PRIVATE LIMI,30000000,3.0000,3,0.0262,96.2936,substring:PRIVATE,data/parsed_sbi_purchase.csv,fe5f2ba9d1209486901598f7c84a668ce059ae98a8d80cd3966744053de28302
435,WONDER MINERALS  PVT LTD.,30000000,3.0000,3,0.0262,96.3198,substring:PVT,data/parsed_sbi_purchase.csv,fe5f2ba9d1209486901598f7c84a668ce059ae98a8d80cd3966744053de28302
436,PRASAD AND COMPANY PRIVATE LIMITED,30000000,3.0000,3,0.0262,96.3460,substring:LIMITED,data/parsed_sbi_purchase.csv,fe5f2ba9d1209486901598f7c84a668ce059ae98a8d80cd3966744053de28302
437,MVM SECURITIES PVT LTD-SELF A/C,30000000,3.0000,21,0.0262,96.3721,substring:PVT,data/parsed_sbi_purchase.csv,fe5f2ba9d1209486901598f7c84a668ce059ae98a8d80cd3966744053de28302
438,SYNERGY DEALCOM PVT LTD-SELF A/C,30000000,3.0000,3,0.0262,96.3983,substring:PVT,data/parsed_sbi_purchase.csv,fe5f2ba9d1209486901598f7c84a668ce059ae98a8d80cd3966744053de28302
439,GRANULES INDIA LIMITED,30000000,3.0000,3,0.0262,96.4245,substring:LIMITED,data/parsed_sbi_purchase.csv,fe5f2ba9d1209486901598f7c84a668ce059ae98a8d80cd3966744053de28302
440,THE SUPREME INDUSTRIES LTD,27500000,2.7500,23,0.0240,96.4485,substring:LTD,data/parsed_sbi_purchase.csv,fe5f2ba9d1209486901598f7c84a668ce059ae98a8d80cd3966744053de28302
441,PRAKASH DISTILLERY & CHEMICAL CO (P) LT  D,26080000,2.6080,52,0.0228,96.4713,substring:LTD,data/parsed_sbi_purchase.csv,fe5f2ba9d1209486901598f7c84a668ce059ae98a8d80cd3966744053de28302
442,BMW INFRASTRUCTURE LLP,26000000,2.6000,8,0.0227,96.4940,substring:LLP,data/parsed_sbi_purchase.csv,fe5f2ba9d1209486901598f7c84a668ce059ae98a8d80cd3966744053de28302
443,COMFORT TRIMS PRIVATE LIMITED,25000000,2.5000,7,0.0218,96.5158,substring:LIMITED,data/parsed_sbi_purchase.csv,fe5f2ba9d1209486901598f7c84a668ce059ae98a8d80cd3966744053de28302
444,K K RESOURCES PRIVATE LIMITED,25000000,2.5000,7,0.0218,96.5376,substring:LIMITED,data/parsed_sbi_purchase.csv,fe5f2ba9d1209486901598f7c84a668ce059ae98a8d80cd3966744053de28302
445,SAROSH ALIZAH MINING,25000000,2.5000,7,0.0218,96.5594,word:MINING,data/parsed_sbi_purchase.csv,fe5f2ba9d1209486901598f7c84a668ce059ae98a8d80cd3966744053de28302
446,RATNAMANI METALS AND TUBES LTD,25000000,2.5000,7,0.0218,96.5813,substring:LTD,data/parsed_sbi_purchase.csv,fe5f2ba9d1209486901598f7c84a668ce059ae98a8d80cd3966744053de28302
447,TRANSWAYS EXIM PRIVATE LTD,25000000,2.5000,25,0.0218,96.6031,substring:PRIVATE,data/parsed_sbi_purchase.csv,fe5f2ba9d1209486901598f7c84a668ce059ae98a8d80cd3966744053de28302
448,SILVERTOSS SECURITIES PVT LTD,25000000,2.5000,7,0.0218,96.6249,substring:PVT,data/parsed_sbi_purchase.csv,fe5f2ba9d1209486901598f7c84a668ce059ae98a8d80cd3966744053de28302
449,JMS MINING  PRIVATE LIMITED,25000000,2.5000,7,0.0218,96.6467,substring:LIMITED,data/parsed_sbi_purchase.csv,fe5f2ba9d1209486901598f7c84a668ce059ae98a8d80cd3966744053de28302
450,DESCENT BUILDWELL LLP,25000000,2.5000,7,0.0218,96.6686,substring:LLP,data/parsed_sbi_purchase.csv,fe5f2ba9d1209486901598f7c84a668ce059ae98a8d80cd3966744053de28302
451,BIGC MOBILES PVT LTD,25000000,2.5000,7,0.0218,96.6904,substring:PVT,data/parsed_sbi_purchase.csv,fe5f2ba9d1209486901598f7c84a668ce059ae98a8d80cd3966744053de28302
452,R.S.BROTHERS RETAIL INDIA PRIVATE LIMITE D,25000000,2.5000,7,0.0218,96.7122,substring:LIMITED,data/parsed_sbi_purchase.csv,fe5f2ba9d1209486901598f7c84a668ce059ae98a8d80cd3966744053de28302
453,MKK METAL SECTIONS PVT LTD,25000000,2.5000,7,0.0218,96.7340,substring:PVT,data/parsed_sbi_purchase.csv,fe5f2ba9d1209486901598f7c84a668ce059ae98a8d80cd3966744053de28302
454,DASAMI LAB PRIVATE LTD,25000000,2.5000,7,0.0218,96.7558,substring:PRIVATE,data/parsed_sbi_purchase.csv,fe5f2ba9d1209486901598f7c84a668ce059ae98a8d80cd3966744053de28302
455,DANIKA TRADERS PRIVATE LTD,25000000,2.5000,7,0.0218,96.7777,substring:PRIVATE,data/parsed_sbi_purchase.csv,fe5f2ba9d1209486901598f7c84a668ce059ae98a8d80cd3966744053de28302
456,RANJIT PROJECTS PRIVATE LIMITED,25000000,2.5000,7,0.0218,96.7995,substring:LIMITED,data/parsed_sbi_purchase.csv,fe5f2ba9d1209486901598f7c84a668ce059ae98a8d80cd3966744053de28302
457,SPECO INFRASTRUCTURES,25000000,2.5000,7,0.0218,96.8213,word:INFRASTRUCTURES,data/parsed_sbi_purchase.csv,fe5f2ba9d1209486901598f7c84a668ce059ae98a8d80cd3966744053de28302
458,MTC ISPAT PVT LTD,25000000,2.5000,7,0.0218,96.8431,substring:PVT,data/parsed_sbi_purchase.csv,fe5f2ba9d1209486901598f7c84a668ce059ae98a8d80cd3966744053de28302
459,SAGAR CEMENTS LIMITED,25000000,2.5000,25,0.0218,96.8650,substring:LIMITED,data/parsed_sbi_purchase.csv,fe5f2ba9d1209486901598f7c84a668ce059ae98a8d80cd3966744053de28302
460,PRUDHVI CONSTRUCTIONS PRIVATE LIMIT,25000000,2.5000,16,0.0218,96.8868,substring:PRIVATE,data/parsed_sbi_purchase.csv,fe5f2ba9d1209486901598f7c84a668ce059ae98a8d80cd3966744053de28302
461,R   R INFRATECH  INDIA  PRIVATE LIM,25000000,2.5000,16,0.0218,96.9086,substring:PRIVATE,data/parsed_sbi_purchase.csv,fe5f2ba9d1209486901598f7c84a668ce059ae98a8d80cd3966744053de28302
462,KALPTARU INVESTMENTS PVT.LTD.  PROP,25000000,2.5000,16,0.0218,96.9304,substring:PVT,data/parsed_sbi_purchase.csv,fe5f2ba9d1209486901598f7c84a668ce059ae98a8d80cd3966744053de28302
463,AMAR SECURITIES PVT LTD,25000000,2.5000,25,0.0218,96.9522,substring:PVT,data/parsed_sbi_purchase.csv,fe5f2ba9d1209486901598f7c84a668ce059ae98a8d80cd3966744053de28302
464,M/S T S WIND POWER DEVELOPERS,23000000,2.3000,5,0.0201,96.9723,word:POWER,data/parsed_sbi_purchase.csv,fe5f2ba9d1209486901598f7c84a668ce059ae98a8d80cd3966744053de28302
465,SERVEALL LAND DEVELOPERS PVT LTD,22500000,2.2500,9,0.0196,96.9920,substring:PVT,data/parsed_sbi_purchase.csv,fe5f2ba9d1209486901598f7c84a668ce059ae98a8d80cd3966744053de28302
466,QUALITY MAINTENANCE VENTURE LTD,20000000,2.0000,20,0.0175,97.0094,substring:LTD,data/parsed_sbi_purchase.csv,fe5f2ba9d1209486901598f7c84a668ce059ae98a8d80cd3966744053de28302
467,SNS CLOTHING PVT LTD,20000000,2.0000,2,0.0175,97.0269,substring:PVT,data/parsed_sbi_purchase.csv,fe5f2ba9d1209486901598f7c84a668ce059ae98a8d80cd3966744053de28302
468,SWETA ESTATES PVT LTD,20000000,2.0000,2,0.0175,97.0443,substring:PVT,data/parsed_sbi_purchase.csv,fe5f2ba9d1209486901598f7c84a668ce059ae98a8d80cd3966744053de28302
469,ECL FINANCE LTD,20000000,2.0000,20,0.0175,97.0618,substring:LTD,data/parsed_sbi_purchase.csv,fe5f2ba9d1209486901598f7c84a668ce059ae98a8d80cd3966744053de28302
470,PVR LTD,20000000,2.0000,11,0.0175,97.0792,substring:LTD,data/parsed_sbi_purchase.csv,fe5f2ba9d1209486901598f7c84a668ce059ae98a8d80cd3966744053de28302
471,GUWAHATI CARBON LIMITED,20000000,2.0000,2,0.0175,97.0967,substring:LIMITED,data/parsed_sbi_purchase.csv,fe5f2ba9d1209486901598f7c84a668ce059ae98a8d80cd3966744053de28302
472,LUMAX INDUSTRIES LIMITED,20000000,2.0000,2,0.0175,97.1142,substring:LIMITED,data/parsed_sbi_purchase.csv,fe5f2ba9d1209486901598f7c84a668ce059ae98a8d80cd3966744053de28302
473,"M/S VISION SECURITY SERVICES, PROP-MAJOR  DEVENDRA NATH DAS",20000000,2.0000,2,0.0175,97.1316,word:SERVICES,data/parsed_sbi_purchase.csv,fe5f2ba9d1209486901598f7c84a668ce059ae98a8d80cd3966744053de28302
474,GOLDSTONE CEMENTS LTD,20000000,2.0000,2,0.0175,97.1491,substring:LTD,data/parsed_sbi_purchase.csv,fe5f2ba9d1209486901598f7c84a668ce059ae98a8d80cd3966744053de28302
475,LIFELINE MARKETING PRIVATE LIMITED,20000000,2.0000,2,0.0175,97.1665,substring:LIMITED,data/parsed_sbi_purchase.csv,fe5f2ba9d1209486901598f7c84a668ce059ae98a8d80cd3966744053de28302
476,CROCHET TRADE AND INVESTMENT PVT L,20000000,2.0000,2,0.0175,97.1840,substring:PVT,data/parsed_sbi_purchase.csv,fe5f2ba9d1209486901598f7c84a668ce059ae98a8d80cd3966744053de28302
477,SILVERTONE SECURITIES PVT LTD,20000000,2.0000,2,0.0175,97.2014,substring:PVT,data/parsed_sbi_purchase.csv,fe5f2ba9d1209486901598f7c84a668ce059ae98a8d80cd3966744053de28302
478,DALMIA BHARAT SUGAR AND INDUSTRIES LTD,20000000,2.0000,2,0.0175,97.2189,substring:LTD,data/parsed_sbi_purchase.csv,fe5f2ba9d1209486901598f7c84a668ce059ae98a8d80cd3966744053de28302
479,BALRAMPUR CHINI MILLS LTD,20000000,2.0000,2,0.0175,97.2364,substring:LTD,data/parsed_sbi_purchase.csv,fe5f2ba9d1209486901598f7c84a668ce059ae98a8d80cd3966744053de28302
480,ANANT UDYOG LLP,20000000,2.0000,2,0.0175,97.2538,substring:LLP,data/parsed_sbi_purchase.csv,fe5f2ba9d1209486901598f7c84a668ce059ae98a8d80cd3966744053de28302
481,BIRLAESTATESPRIVATELIMITED,20000000,2.0000,2,0.0175,97.2713,substring:LIMITED,data/parsed_sbi_purchase.csv,fe5f2ba9d1209486901598f7c84a668ce059ae98a8d80cd3966744053de28302
482,LULU INDIA SHOPPING MALL PRIVATE LI,20000000,2.0000,2,0.0175,97.2887,substring:PRIVATE,data/parsed_sbi_purchase.csv,fe5f2ba9d1209486901598f7c84a668ce059ae98a8d80cd3966744053de28302
483,AASHMAN ENERGY PVT LTD,20000000,2.0000,2,0.0175,97.3062,substring:PVT,data/parsed_sbi_purchase.csv,fe5f2ba9d1209486901598f7c84a668ce059ae98a8d80cd3966744053de28302
484,DIVYESH POWER PVT LTD,20000000,2.0000,2,0.0175,97.3236,substring:PVT,data/parsed_sbi_purchase.csv,fe5f2ba9d1209486901598f7c84a668ce059ae98a8d80cd3966744053de28302
485,ELENA RENEWABLE ENERGY PVT LTD,20000000,2.0000,2,0.0175,97.3411,substring:PVT,data/parsed_sbi_purchase.csv,fe5f2ba9d1209486901598f7c84a668ce059ae98a8d80cd3966744053de28302
486,ELITE DEVELOPERS,20000000,2.0000,2,0.0175,97.3586,word:DEVELOPERS,data/parsed_sbi_purchase.csv,fe5f2ba9d1209486901598f7c84a668ce059ae98a8d80cd3966744053de28302
487,GREENKO SUMEZ HYDRO ENERGIES PVT LTD,20000000,2.0000,2,0.0175,97.3760,substring:PVT,data/parsed_sbi_purchase.csv,fe5f2ba9d1209486901598f7c84a668ce059ae98a8d80cd3966744053de28302
488,PRATYASH RENEWABLE PRIVATE LIMITED,20000000,2.0000,2,0.0175,97.3935,substring:LIMITED,data/parsed_sbi_purchase.csv,fe5f2ba9d1209486901598f7c84a668ce059ae98a8d80cd3966744053de28302
489,RT RENEWABLE ENERGY PVT LTD,20000000,2.0000,2,0.0175,97.4109,substring:PVT,data/parsed_sbi_purchase.csv,fe5f2ba9d1209486901598f7c84a668ce059ae98a8d80cd3966744053de28302
490,SAROJA RENEWABLES PRIVATE LIMITED,20000000,2.0000,2,0.0175,97.4284,substring:LIMITED,data/parsed_sbi_purchase.csv,fe5f2ba9d1209486901598f7c84a668ce059ae98a8d80cd3966744053de28302
491,SEI BASKARA POWER PVT LTD,20000000,2.0000,2,0.0175,97.4459,substring:PVT,data/parsed_sbi_purchase.csv,fe5f2ba9d1209486901598f7c84a668ce059ae98a8d80cd3966744053de28302
492,SEI ENERSTAR RENEWABLE ENRGY PVT LTD,20000000,2.0000,2,0.0175,97.4633,substring:PVT,data/parsed_sbi_purchase.csv,fe5f2ba9d1209486901598f7c84a668ce059ae98a8d80cd3966744053de28302
493,SEI MIHIR ENERGY PVT LTD,20000000,2.0000,2,0.0175,97.4808,substring:PVT,data/parsed_sbi_purchase.csv,fe5f2ba9d1209486901598f7c84a668ce059ae98a8d80cd3966744053de28302
494,SHREYAS RENEWABLE ENERGY PVT LTD,20000000,2.0000,2,0.0175,97.4982,substring:PVT,data/parsed_sbi_purchase.csv,fe5f2ba9d1209486901598f7c84a668ce059ae98a8d80cd3966744053de28302
495,VARSITY EDUCATION MANAGEMENT PVT LIMITED,20000000,2.0000,2,0.0175,97.5157,substring:LIMITED,data/parsed_sbi_purchase.csv,fe5f2ba9d1209486901598f7c84a668ce059ae98a8d80cd3966744053de28302
496,ZUVAN ENERGY PVT LTD,20000000,2.0000,2,0.0175,97.5331,substring:PVT,data/parsed_sbi_purchase.csv,fe5f2ba9d1209486901598f7c84a668ce059ae98a8d80cd3966744053de28302
497,SANOLA WIND PROJECT PVT LTD,20000000,2.0000,2,0.0175,97.5506,substring:PVT,data/parsed_sbi_purchase.csv,fe5f2ba9d1209486901598f7c84a668ce059ae98a8d80cd3966744053de28302
498,SEI DIAMOND PVT LTD,20000000,2.0000,2,0.0175,97.5681,substring:PVT,data/parsed_sbi_purchase.csv,fe5f2ba9d1209486901598f7c84a668ce059ae98a8d80cd3966744053de28302
499,SEI VENUS PVT LTD,20000000,2.0000,2,0.0175,97.5855,substring:PVT,data/parsed_sbi_purchase.csv,fe5f2ba9d1209486901598f7c84a668ce059ae98a8d80cd3966744053de28302
500,SUNBORNE ENERGY ANDHRA PVT LTD,20000000,2.0000,2,0.0175,97.6030,substring:PVT,data/parsed_sbi_purchase.csv,fe5f2ba9d1209486901598f7c84a668ce059ae98a8d80cd3966744053de28302
501,GREAT EASTERN STORES PVT LTD,20000000,2.0000,2,0.0175,97.6204,substring:PVT,data/parsed_sbi_purchase.csv,fe5f2ba9d1209486901598f7c84a668ce059ae98a8d80cd3966744053de28302
502,VISHVARUPA SOLAR POWER PRIVATE LIMITED,20000000,2.0000,2,0.0175,97.6379,substring:LIMITED,data/parsed_sbi_purchase.csv,fe5f2ba9d1209486901598f7c84a668ce059ae98a8d80cd3966744053de28302
503,THE ANUP ENGINEERING,20000000,2.0000,2,0.0175,97.6553,word:ENGINEERING,data/parsed_sbi_purchase.csv,fe5f2ba9d1209486901598f7c84a668ce059ae98a8d80cd3966744053de28302
504,BIRD WORLDWIDE FLIGHT SERVICES INDI,20000000,2.0000,2,0.0175,97.6728,word:SERVICES,data/parsed_sbi_purchase.csv,fe5f2ba9d1209486901598f7c84a668ce059ae98a8d80cd3966744053de28302
505,AMARAVATI TEKSYSTEMS PRIVATE LIMITE,20000000,2.0000,2,0.0175,97.6903,substring:PRIVATE,data/parsed_sbi_purchase.csv,fe5f2ba9d1209486901598f7c84a668ce059ae98a8d80cd3966744053de28302
506,TEKREANT INDIA PRIVATE LIMITED,20000000,2.0000,2,0.0175,97.7077,substring:LIMITED,data/parsed_sbi_purchase.csv,fe5f2ba9d1209486901598f7c84a668ce059ae98a8d80cd3966744053de28302
507,EFICENS SOFTWARE SERVICES PVT LTD,20000000,2.0000,2,0.0175,97.7252,substring:PVT,data/parsed_sbi_purchase.csv,fe5f2ba9d1209486901598f7c84a668ce059ae98a8d80cd3966744053de28302
508,KIRITI VENTURES PRIVATE LIMITED,20000000,2.0000,2,0.0175,97.7426,substring:LIMITED,data/parsed_sbi_purchase.csv,fe5f2ba9d1209486901598f7c84a668ce059ae98a8d80cd3966744053de28302
509,PRABHAT HOMES PRIVATE LIMITED,20000000,2.0000,2,0.0175,97.7601,substring:LIMITED,data/parsed_sbi_purchase.csv,fe5f2ba9d1209486901598f7c84a668ce059ae98a8d80cd3966744053de28302
510,AARISH SOLAR POWER PRIVATE LIMITED,20000000,2.0000,2,0.0175,97.7775,substring:LIMITED,data/parsed_sbi_purchase.csv,fe5f2ba9d1209486901598f7c84a668ce059ae98a8d80cd3966744053de28302
511,ANIMALA WIND POWER PRIVATE LIMITED,20000000,2.0000,2,0.0175,97.7950,substring:LIMITED,data/parsed_sbi_purchase.csv,fe5f2ba9d1209486901598f7c84a668ce059ae98a8d80cd3966744053de28302
512,NIMBHA BIOTECH PRIVATE LIMITED,20000000,2.0000,2,0.0175,97.8125,substring:LIMITED,data/parsed_sbi_purchase.csv,fe5f2ba9d1209486901598f7c84a668ce059ae98a8d80cd3966744053de28302
513,RAMGAD MINERALS AND MINING LTD,20000000,2.0000,2,0.0175,97.8299,substring:LTD,data/parsed_sbi_purchase.csv,fe5f2ba9d1209486901598f7c84a668ce059ae98a8d80cd3966744053de28302
514,NVNR POWER   INFRA PRIVATE LIMITED,20000000,2.0000,2,0.0175,97.8474,substring:LIMITED,data/parsed_sbi_purchase.csv,fe5f2ba9d1209486901598f7c84a668ce059ae98a8d80cd3966744053de28302
515,SLRV HOMES LLP,20000000,2.0000,2,0.0175,97.8648,substring:LLP,data/parsed_sbi_purchase.csv,fe5f2ba9d1209486901598f7c84a668ce059ae98a8d80cd3966744053de28302
516,THE ANGUS COMPANY LIMITED,20000000,2.0000,2,0.0175,97.8823,substring:LIMITED,data/parsed_sbi_purchase.csv,fe5f2ba9d1209486901598f7c84a668ce059ae98a8d80cd3966744053de28302
517,TRIDENT LIMITED {FORMERLY ABHISHEK INDUS TRIES LIMITED},20000000,2.0000,2,0.0175,97.8997,substring:LIMITED,data/parsed_sbi_purchase.csv,fe5f2ba9d1209486901598f7c84a668ce059ae98a8d80cd3966744053de28302
518,PUJA COAL PRIVATE LIMITED,20000000,2.0000,2,0.0175,97.9172,substring:LIMITED,data/parsed_sbi_purchase.csv,fe5f2ba9d1209486901598f7c84a668ce059ae98a8d80cd3966744053de28302
519,BLUESTONE COMMODITIES LLP,20000000,2.0000,2,0.0175,97.9347,substring:LLP,data/parsed_sbi_purchase.csv,fe5f2ba9d1209486901598f7c84a668ce059ae98a8d80cd3966744053de28302
520,WONDER MARMOSTONES PVT LTD,20000000,2.0000,2,0.0175,97.9521,substring:PVT,data/parsed_sbi_purchase.csv,fe5f2ba9d1209486901598f7c84a668ce059ae98a8d80cd3966744053de28302
521,DEVARAHIPPARIGI WIND POWER PVT LTD,20000000,2.0000,2,0.0175,97.9696,substring:PVT,data/parsed_sbi_purchase.csv,fe5f2ba9d1209486901598f7c84a668ce059ae98a8d80cd3966744053de28302
522,GREENKO RAYALA WIND POWER PRIVATE LIMITE D,20000000,2.0000,2,0.0175,97.9870,substring:LIMITED,data/parsed_sbi_purchase.csv,fe5f2ba9d1209486901598f7c84a668ce059ae98a8d80cd3966744053de28302
523,KHANDKE WIND ENERGY PRIVATE LIMITED,20000000,2.0000,2,0.0175,98.0045,substring:LIMITED,data/parsed_sbi_purchase.csv,fe5f2ba9d1209486901598f7c84a668ce059ae98a8d80cd3966744053de28302
524,SKEIRON RENEWABLE ENERGY AMIDYALA P,20000000,2.0000,2,0.0175,98.0219,word:ENERGY,data/parsed_sbi_purchase.csv,fe5f2ba9d1209486901598f7c84a668ce059ae98a8d80cd3966744053de28302
525,MAITHRI LABORATORIES (PVT) LTD,20000000,2.0000,2,0.0175,98.0394,substring:PVT,data/parsed_sbi_purchase.csv,fe5f2ba9d1209486901598f7c84a668ce059ae98a8d80cd3966744053de28302
526,MSN ORGANICS PVT LTD,20000000,2.0000,2,0.0175,98.0569,substring:PVT,data/parsed_sbi_purchase.csv,fe5f2ba9d1209486901598f7c84a668ce059ae98a8d80cd3966744053de28302
527,AIC VMR PROJECTS PVT LTD,20000000,2.0000,2,0.0175,98.0743,substring:PVT,data/parsed_sbi_purchase.csv,fe5f2ba9d1209486901598f7c84a668ce059ae98a8d80cd3966744053de28302
528,VIHAAN AUTO VENTURES PRIVATE LIMITED,20000000,2.0000,2,0.0175,98.0918,substring:LIMITED,data/parsed_sbi_purchase.csv,fe5f2ba9d1209486901598f7c84a668ce059ae98a8d80cd3966744053de28302
529,MOUNT EVEREST BREWERIES LIMITED,19900000,1.9900,19,0.0174,98.1091,substring:LIMITED,data/parsed_sbi_purchase.csv,fe5f2ba9d1209486901598f7c84a668ce059ae98a8d80cd3966744053de28302
530,MEGA EQUITAS PRIVATE LIMITED,18000000,1.8000,9,0.0157,98.1249,substring:LIMITED,data/parsed_sbi_purchase.csv,fe5f2ba9d1209486901598f7c84a668ce059ae98a8d80cd3966744053de28302
531,VEDANTA ELECTRICALS PRIVATE LIMITED,17500000,1.7500,13,0.0153,98.1401,substring:LIMITED,data/parsed_sbi_purchase.csv,fe5f2ba9d1209486901598f7c84a668ce059ae98a8d80cd3966744053de28302
532,AUSTIN PLYWOOD PRIVATE LIMITED FORMERLY  B S PROGRESSIVE PVT,17000000,1.7000,26,0.0148,98.1550,substring:LIMITED,data/parsed_sbi_purchase.csv,fe5f2ba9d1209486901598f7c84a668ce059ae98a8d80cd3966744053de28302
533,MS PEARL GLOBAL INDUSTRIES LTD FORM,16000000,1.6000,16,0.0140,98.1689,substring:LTD,data/parsed_sbi_purchase.csv,fe5f2ba9d1209486901598f7c84a668ce059ae98a8d80cd3966744053de28302
534,GANNON DUNKERLEY AND CO LIMITED,15000000,1.5000,6,0.0131,98.1820,substring:LIMITED,data/parsed_sbi_purchase.csv,fe5f2ba9d1209486901598f7c84a668ce059ae98a8d80cd3966744053de28302
535,AMBUJA REALTY EVENTS MANAGMENT LTD,15000000,1.5000,15,0.0131,98.1951,substring:LTD,data/parsed_sbi_purchase.csv,fe5f2ba9d1209486901598f7c84a668ce059ae98a8d80cd3966744053de28302
536,SHREE CEMENT LIMITED,15000000,1.5000,6,0.0131,98.2082,substring:LIMITED,data/parsed_sbi_purchase.csv,fe5f2ba9d1209486901598f7c84a668ce059ae98a8d80cd3966744053de28302
537,BG SHIRKE CONSTRUCTION TECHNOLOGY PVT LTD,15000000,1.5000,6,0.0131,98.2213,substring:PVT,data/parsed_sbi_purchase.csv,fe5f2ba9d1209486901598f7c84a668ce059ae98a8d80cd3966744053de28302
538,CHOWGLE AND COMPANY PVT LTD,15000000,1.5000,6,0.0131,98.2344,substring:PVT,data/parsed_sbi_purchase.csv,fe5f2ba9d1209486901598f7c84a668ce059ae98a8d80cd3966744053de28302
539,V M SALGAOCAR   BROTHER PVT LTD,15000000,1.5000,15,0.0131,98.2475,substring:PVT,data/parsed_sbi_purchase.csv,fe5f2ba9d1209486901598f7c84a668ce059ae98a8d80cd3966744053de28302
540,CROCHET TRADE AND INVESTMENT PVT LT,15000000,1.5000,6,0.0131,98.2606,substring:PVT,data/parsed_sbi_purchase.csv,fe5f2ba9d1209486901598f7c84a668ce059ae98a8d80cd3966744053de28302
541,SILVERTONE SECURITIES PRIVATE LIMIT,15000000,1.5000,6,0.0131,98.2737,substring:PRIVATE,data/parsed_sbi_purchase.csv,fe5f2ba9d1209486901598f7c84a668ce059ae98a8d80cd3966744053de28302
542,BSCPL INFRASTRUCTURE LIMITED,15000000,1.5000,6,0.0131,98.2868,substring:LIMITED,data/parsed_sbi_purchase.csv,fe5f2ba9d1209486901598f7c84a668ce059ae98a8d80cd3966744053de28302
543,SUNIL ENGINEERING AND SYSTEMS,15000000,1.5000,6,0.0131,98.2999,word:ENGINEERING,data/parsed_sbi_purchase.csv,fe5f2ba9d1209486901598f7c84a668ce059ae98a8d80cd3966744053de28302
544,INTERNATIONAL TRADING CORPORATION,15000000,1.5000,6,0.0131,98.3130,word:CORPORATION,data/parsed_sbi_purchase.csv,fe5f2ba9d1209486901598f7c84a668ce059ae98a8d80cd3966744053de28302
545,SENGUPTA AND SENGUPTA PVT LTD,15000000,1.5000,6,0.0131,98.3261,substring:PVT,data/parsed_sbi_purchase.csv,fe5f2ba9d1209486901598f7c84a668ce059ae98a8d80cd3966744053de28302
546,SI AIR SPRINGS PRIVATE LTD,15000000,1.5000,6,0.0131,98.3391,substring:PRIVATE,data/parsed_sbi_purchase.csv,fe5f2ba9d1209486901598f7c84a668ce059ae98a8d80cd3966744053de28302
547,SPECO INFRASTRUCTURE,15000000,1.5000,6,0.0131,98.3522,word:INFRASTRUCTURE,data/parsed_sbi_purchase.csv,fe5f2ba9d1209486901598f7c84a668ce059ae98a8d80cd3966744053de28302
548,SRIVAY INDUSTRIES LIMITED,14900000,1.4900,14,0.0130,98.3652,substring:LIMITED,data/parsed_sbi_purchase.csv,fe5f2ba9d1209486901598f7c84a668ce059ae98a8d80cd3966744053de28302
549,AVON CYCLES LTD,14000000,1.4000,14,0.0122,98.3775,substring:LTD,data/parsed_sbi_purchase.csv,fe5f2ba9d1209486901598f7c84a668ce059ae98a8d80cd3966744053de28302
550,SHIVALIK PRINTS LIMITED,13500000,1.3500,9,0.0118,98.3893,substring:LIMITED,data/parsed_sbi_purchase.csv,fe5f2ba9d1209486901598f7c84a668ce059ae98a8d80cd3966744053de28302
551,SUMAN ESTATES PRIVATE LIMITED,13500000,1.3500,18,0.0118,98.4010,substring:LIMITED,data/parsed_sbi_purchase.csv,fe5f2ba9d1209486901598f7c84a668ce059ae98a8d80cd3966744053de28302
552,PRIME SALES CORPORATION,12500000,1.2500,26,0.0109,98.4119,word:CORPORATION,data/parsed_sbi_purchase.csv,fe5f2ba9d1209486901598f7c84a668ce059ae98a8d80cd3966744053de28302
553,JBM INDUSTRIES LIMITED,12500000,1.2500,8,0.0109,98.4229,substring:LIMITED,data/parsed_sbi_purchase.csv,fe5f2ba9d1209486901598f7c84a668ce059ae98a8d80cd3966744053de28302
554,CRYSTAL TEA INDIA PVT LTD,12500000,1.2500,17,0.0109,98.4338,substring:PVT,data/parsed_sbi_purchase.csv,fe5f2ba9d1209486901598f7c84a668ce059ae98a8d80cd3966744053de28302
555,SWARNAPUSHPA VANIJYA PRIVATE LIMITE,12500000,1.2500,17,0.0109,98.4447,substring:PRIVATE,data/parsed_sbi_purchase.csv,fe5f2ba9d1209486901598f7c84a668ce059ae98a8d80cd3966744053de28302
556,R B DEALERS PVT LTD,12500000,1.2500,17,0.0109,98.4556,substring:PVT,data/parsed_sbi_purchase.csv,fe5f2ba9d1209486901598f7c84a668ce059ae98a8d80cd3966744053de28302
557,CHAKRADHARI TRADELINK PRIVATE LIMIT,12000000,1.2000,12,0.0105,98.4661,substring:PRIVATE,data/parsed_sbi_purchase.csv,fe5f2ba9d1209486901598f7c84a668ce059ae98a8d80cd3966744053de28302
558,NORTHERN SPIRITS LTD,12000000,1.2000,3,0.0105,98.4765,substring:LTD,data/parsed_sbi_purchase.csv,fe5f2ba9d1209486901598f7c84a668ce059ae98a8d80cd3966744053de28302
559,RAIPUR BOTLING COMPANY,10001000,1.0001,2,0.0087,98.4853,word:COMPANY,data/parsed_sbi_purchase.csv,fe5f2ba9d1209486901598f7c84a668ce059ae98a8d80cd3966744053de28302
560,PATEL HIGHWAY MANAGEMENT PVT LTD,10000000,1.0000,1,0.0087,98.4940,substring:PVT,data/parsed_sbi_purchase.csv,fe5f2ba9d1209486901598f7c84a668ce059ae98a8d80cd3966744053de28302
561,IDEAL REAL ESTATES PRIVATE LIMITED,10000000,1.0000,1,0.0087,98.5027,substring:LIMITED,data/parsed_sbi_purchase.csv,fe5f2ba9d1209486901598f7c84a668ce059ae98a8d80cd3966744053de28302
562,JUBILANT LIFE SCIENCES LIMITED,10000000,1.0000,1,0.0087,98.5115,substring:LIMITED,data/parsed_sbi_purchase.csv,fe5f2ba9d1209486901598f7c84a668ce059ae98a8d80cd3966744053de28302
563,S R C CHEMICALS PVT LTD,10000000,1.0000,1,0.0087,98.5202,substring:PVT,data/parsed_sbi_purchase.csv,fe5f2ba9d1209486901598f7c84a668ce059ae98a8d80cd3966744053de28302
564,SHAURYAVIR CARRIERS PRIVATE LIMITED,10000000,1.0000,10,0.0087,98.5289,substring:LIMITED,data/parsed_sbi_purchase.csv,fe5f2ba9d1209486901598f7c84a668ce059ae98a8d80cd3966744053de28302
565,B2C CONSULTING LLP,10000000,1.0000,1,0.0087,98.5376,substring:LLP,data/parsed_sbi_purchase.csv,fe5f2ba9d1209486901598f7c84a668ce059ae98a8d80cd3966744053de28302
566,INOX LEISURE LTD,10000000,1.0000,1,0.0087,98.5464,substring:LTD,data/parsed_sbi_purchase.csv,fe5f2ba9d1209486901598f7c84a668ce059ae98a8d80cd3966744053de28302
567,RICHA GLOBAL EXPORTS PRIVATE LIMITED,10000000,1.0000,10,0.0087,98.5551,substring:LIMITED,data/parsed_sbi_purchase.csv,fe5f2ba9d1209486901598f7c84a668ce059ae98a8d80cd3966744053de28302
568,ADIT BUILD WELL PVT LTD,10000000,1.0000,1,0.0087,98.5638,substring:PVT,data/parsed_sbi_purchase.csv,fe5f2ba9d1209486901598f7c84a668ce059ae98a8d80cd3966744053de28302
569,DERIVE TRADING AND RESORTS PRIVATE LIMITED,10000000,1.0000,1,0.0087,98.5726,substring:LIMITED,data/parsed_sbi_purchase.csv,fe5f2ba9d1209486901598f7c84a668ce059ae98a8d80cd3966744053de28302
570,EDELWEISS HOUSING FINANCE LTD.,10000000,1.0000,10,0.0087,98.5813,substring:LTD,data/parsed_sbi_purchase.csv,fe5f2ba9d1209486901598f7c84a668ce059ae98a8d80cd3966744053de28302
571,EDELWEISS RURAL   CORPORATE SERVICE,10000000,1.0000,10,0.0087,98.5900,word:SERVICE,data/parsed_sbi_purchase.csv,fe5f2ba9d1209486901598f7c84a668ce059ae98a8d80cd3966744053de28302
572,AMBUJA HOUSING AND URBAN INFRASTRUCTURE  CO. LTD.,10000000,1.0000,10,0.0087,98.5987,substring:LTD,data/parsed_sbi_purchase.csv,fe5f2ba9d1209486901598f7c84a668ce059ae98a8d80cd3966744053de28302
573,HITECH SYSTEMS & SERVICES LTD,10000000,1.0000,10,0.0087,98.6075,substring:LTD,data/parsed_sbi_purchase.csv,fe5f2ba9d1209486901598f7c84a668ce059ae98a8d80cd3966744053de28302
574,REGENT ELECTRO MECH PRIVATE LIMITED,10000000,1.0000,10,0.0087,98.6162,substring:LIMITED,data/parsed_sbi_purchase.csv,fe5f2ba9d1209486901598f7c84a668ce059ae98a8d80cd3966744053de28302
575,IVL DHUNSERI PETROCHEM INDUSTRIES PRIVAT E LIMITED,10000000,1.0000,10,0.0087,98.6249,substring:LIMITED,data/parsed_sbi_purchase.csv,fe5f2ba9d1209486901598f7c84a668ce059ae98a8d80cd3966744053de28302
576,HIND TERMINALS PVT LTD,10000000,1.0000,1,0.0087,98.6337,substring:PVT,data/parsed_sbi_purchase.csv,fe5f2ba9d1209486901598f7c84a668ce059ae98a8d80cd3966744053de28302
577,BAGDOGRA REALTORS PVT LTD,10000000,1.0000,10,0.0087,98.6424,substring:PVT,data/parsed_sbi_purchase.csv,fe5f2ba9d1209486901598f7c84a668ce059ae98a8d80cd3966744053de28302
578,CHITRAKUT HOLDINGS LTD,10000000,1.0000,1,0.0087,98.6511,substring:LTD,data/parsed_sbi_purchase.csv,fe5f2ba9d1209486901598f7c84a668ce059ae98a8d80cd3966744053de28302
579,CENTURY TEXTILES AND INDUSTRIES LTD,10000000,1.0000,1,0.0087,98.6598,substring:LTD,data/parsed_sbi_purchase.csv,fe5f2ba9d1209486901598f7c84a668ce059ae98a8d80cd3966744053de28302
580,JNS INSTRUMENTS LTD,10000000,1.0000,10,0.0087,98.6686,substring:LTD,data/parsed_sbi_purchase.csv,fe5f2ba9d1209486901598f7c84a668ce059ae98a8d80cd3966744053de28302
581,MINDARIKA PRIVATE LTD,10000000,1.0000,10,0.0087,98.6773,substring:PRIVATE,data/parsed_sbi_purchase.csv,fe5f2ba9d1209486901598f7c84a668ce059ae98a8d80cd3966744053de28302
582,KANHA VINCOM PRIVATE LIMITED,10000000,1.0000,1,0.0087,98.6860,substring:LIMITED,data/parsed_sbi_purchase.csv,fe5f2ba9d1209486901598f7c84a668ce059ae98a8d80cd3966744053de28302
583,PURI CONSTRUCTION PVT LTD,10000000,1.0000,1,0.0087,98.6948,substring:PVT,data/parsed_sbi_purchase.csv,fe5f2ba9d1209486901598f7c84a668ce059ae98a8d80cd3966744053de28302
584,UTKARSH SFATIK LIMITED,10000000,1.0000,10,0.0087,98.7035,substring:LIMITED,data/parsed_sbi_purchase.csv,fe5f2ba9d1209486901598f7c84a668ce059ae98a8d80cd3966744053de28302
585,TECH MAHINDRA LTD,10000000,1.0000,1,0.0087,98.7122,substring:LTD,data/parsed_sbi_purchase.csv,fe5f2ba9d1209486901598f7c84a668ce059ae98a8d80cd3966744053de28302
586,SURENDRA STEELS PRIVATE LIMITED,10000000,1.0000,10,0.0087,98.7209,substring:LIMITED,data/parsed_sbi_purchase.csv,fe5f2ba9d1209486901598f7c84a668ce059ae98a8d80cd3966744053de28302
587,SHREE SALASAR PROPERTIES & FINANCE PVT LTD,10000000,1.0000,1,0.0087,98.7297,substring:PVT,data/parsed_sbi_purchase.csv,fe5f2ba9d1209486901598f7c84a668ce059ae98a8d80cd3966744053de28302
588,SSALASAR  FINANCIAL ADVISORY SERVICE PVT LTD,10000000,1.0000,1,0.0087,98.7384,substring:PVT,data/parsed_sbi_purchase.csv,fe5f2ba9d1209486901598f7c84a668ce059ae98a8d80cd3966744053de28302
589,APOLLO VINTRADE PVT LTD,10000000,1.0000,1,0.0087,98.7471,substring:PVT,data/parsed_sbi_purchase.csv,fe5f2ba9d1209486901598f7c84a668ce059ae98a8d80cd3966744053de28302
590,TARGET VINCOM PVT LTD,10000000,1.0000,1,0.0087,98.7559,substring:PVT,data/parsed_sbi_purchase.csv,fe5f2ba9d1209486901598f7c84a668ce059ae98a8d80cd3966744053de28302
591,14 REELS PLUS LLP,10000000,1.0000,1,0.0087,98.7646,substring:LLP,data/parsed_sbi_purchase.csv,fe5f2ba9d1209486901598f7c84a668ce059ae98a8d80cd3966744053de28302
592,ACHINTYA SOLAR POWER PVT LTD,10000000,1.0000,1,0.0087,98.7733,substring:PVT,data/parsed_sbi_purchase.csv,fe5f2ba9d1209486901598f7c84a668ce059ae98a8d80cd3966744053de28302
593,ANANTPURA WIND ENERGIES PVT LTD,10000000,1.0000,1,0.0087,98.7820,substring:PVT,data/parsed_sbi_purchase.csv,fe5f2ba9d1209486901598f7c84a668ce059ae98a8d80cd3966744053de28302
594,GANGDARI HYDRO POWER PVT LTD,10000000,1.0000,1,0.0087,98.7908,substring:PVT,data/parsed_sbi_purchase.csv,fe5f2ba9d1209486901598f7c84a668ce059ae98a8d80cd3966744053de28302
595,GREENKO ASTHA PROJECTS (INDIA) PVT LTD,10000000,1.0000,1,0.0087,98.7995,substring:PVT,data/parsed_sbi_purchase.csv,fe5f2ba9d1209486901598f7c84a668ce059ae98a8d80cd3966744053de28302
596,GREENKO HIM KAILASH HYDRO POWER PVT LTD,10000000,1.0000,1,0.0087,98.8082,substring:PVT,data/parsed_sbi_purchase.csv,fe5f2ba9d1209486901598f7c84a668ce059ae98a8d80cd3966744053de28302
597,GREENKO SOLAR POWER (DHARAMAVARAM) LTD,10000000,1.0000,1,0.0087,98.8170,substring:LTD,data/parsed_sbi_purchase.csv,fe5f2ba9d1209486901598f7c84a668ce059ae98a8d80cd3966744053de28302
598,GREENKO SRI SAI KRISHNA HYDRO ENERGIES PVT LTD,10000000,1.0000,1,0.0087,98.8257,substring:PVT,data/parsed_sbi_purchase.csv,fe5f2ba9d1209486901598f7c84a668ce059ae98a8d80cd3966744053de28302
599,R.S.BROTHERS RETIAL INDIA PVT LTD,10000000,1.0000,1,0.0087,98.8344,substring:PVT,data/parsed_sbi_purchase.csv,fe5f2ba9d1209486901598f7c84a668ce059ae98a8d80cd3966744053de28302
600,RAYALA SEEMA WIND ENERGY PVT LTD,10000000,1.0000,1,0.0087,98.8431,substring:PVT,data/parsed_sbi_purchase.csv,fe5f2ba9d1209486901598f7c84a668ce059ae98a8d80cd3966744053de28302
601,TRIREME INFRASTRUCTURRE  PVT LTD,10000000,1.0000,1,0.0087,98.8519,substring:PVT,data/parsed_sbi_purchase.csv,fe5f2ba9d1209486901598f7c84a668ce059ae98a8d80cd3966744053de28302
602,PROCURE ADVISORY SERVICES PRIVATE L,10000000,1.0000,1,0.0087,98.8606,substring:PRIVATE,data/parsed_sbi_purchase.csv,fe5f2ba9d1209486901598f7c84a668ce059ae98a8d80cd3966744053de28302
603,ROSHNI DEALMARK PRIVATE LIMITED,10000000,1.0000,1,0.0087,98.8693,substring:LIMITED,data/parsed_sbi_purchase.csv,fe5f2ba9d1209486901598f7c84a668ce059ae98a8d80cd3966744053de28302
604,GRINIBHRIT SOLAR POWER PVT LTD,10000000,1.0000,1,0.0087,98.8781,substring:PVT,data/parsed_sbi_purchase.csv,fe5f2ba9d1209486901598f7c84a668ce059ae98a8d80cd3966744053de28302
605,PENNAR RENEWABLES PVT LTD( NEW ERA,10000000,1.0000,1,0.0087,98.8868,substring:PVT,data/parsed_sbi_purchase.csv,fe5f2ba9d1209486901598f7c84a668ce059ae98a8d80cd3966744053de28302
606,PREMIER PHOTOVOLTAIC MEDAK (P)LTD,10000000,1.0000,1,0.0087,98.8955,substring:LTD,data/parsed_sbi_purchase.csv,fe5f2ba9d1209486901598f7c84a668ce059ae98a8d80cd3966744053de28302
607,SUVARCHAS SOLAR POWER PRIVATE LIMITED,10000000,1.0000,1,0.0087,98.9042,substring:LIMITED,data/parsed_sbi_purchase.csv,fe5f2ba9d1209486901598f7c84a668ce059ae98a8d80cd3966744053de28302
608,PANACEA BIOTEC PHARMA LTD PHARMACEU,10000000,1.0000,1,0.0087,98.9130,substring:LTD,data/parsed_sbi_purchase.csv,fe5f2ba9d1209486901598f7c84a668ce059ae98a8d80cd3966744053de28302
609,SNB MINERALS PRIVATE LIMITED,10000000,1.0000,1,0.0087,98.9217,substring:LIMITED,data/parsed_sbi_purchase.csv,fe5f2ba9d1209486901598f7c84a668ce059ae98a8d80cd3966744053de28302
610,SLICK SOFTWARE SOLUTIONS PRIVATE LI,10000000,1.0000,1,0.0087,98.9304,substring:PRIVATE,data/parsed_sbi_purchase.csv,fe5f2ba9d1209486901598f7c84a668ce059ae98a8d80cd3966744053de28302
611,SREE RAYALASEEMA HI STRENGTH HYPO LTD,10000000,1.0000,1,0.0087,98.9392,substring:LTD,data/parsed_sbi_purchase.csv,fe5f2ba9d1209486901598f7c84a668ce059ae98a8d80cd3966744053de28302
612,ANTIQUE INDIA PRIVATE LIMITED,10000000,1.0000,1,0.0087,98.9479,substring:LIMITED,data/parsed_sbi_purchase.csv,fe5f2ba9d1209486901598f7c84a668ce059ae98a8d80cd3966744053de28302
613,ARS COATED STEEL,10000000,1.0000,1,0.0087,98.9566,word:STEEL,data/parsed_sbi_purchase.csv,fe5f2ba9d1209486901598f7c84a668ce059ae98a8d80cd3966744053de28302
614,BISHOPS WEED FOOD CRAFTS PRIVATE LI,10000000,1.0000,1,0.0087,98.9653,substring:PRIVATE,data/parsed_sbi_purchase.csv,fe5f2ba9d1209486901598f7c84a668ce059ae98a8d80cd3966744053de28302
615,CANDY SPIRITS PVT LTD,10000000,1.0000,10,0.0087,98.9741,substring:PVT,data/parsed_sbi_purchase.csv,fe5f2ba9d1209486901598f7c84a668ce059ae98a8d80cd3966744053de28302
616,CHAYA REAL ESTATE PVT LIMITED,10000000,1.0000,1,0.0087,98.9828,substring:LIMITED,data/parsed_sbi_purchase.csv,fe5f2ba9d1209486901598f7c84a668ce059ae98a8d80cd3966744053de28302
617,CURATED LIVING SOLUTIONS PRIVATE LI,10000000,1.0000,1,0.0087,98.9915,substring:PRIVATE,data/parsed_sbi_purchase.csv,fe5f2ba9d1209486901598f7c84a668ce059ae98a8d80cd3966744053de28302
618,DIVYASREE HOLDINGS PVT LTD,10000000,1.0000,1,0.0087,99.0003,substring:PVT,data/parsed_sbi_purchase.csv,fe5f2ba9d1209486901598f7c84a668ce059ae98a8d80cd3966744053de28302
